record_type,source_dataset,source_file,source_row_no,title,normalized_name,country_raw,country_norm,country_iso3,hs_code_raw,hs_code_norm,keywords_raw,keywords_norm,has_contact,contact_name,contact_email,contact_phone,contact_website,valid_until,source_snapshot_date,distance_from_kr_km,contact_email_estimated,buyer_stage
buyer_candidate,대한무역투자진흥공사_SNS 마케팅 수집 바이어 정보,대한무역투자진흥공사_SNS 마케팅 수집 바이어 정보_20251127.csv,1937,Beauty & Cosmetics,,AZ,아제르바이잔,AZE,330499.0,330499.0,Beauty & Cosmetics | 기타 | 330499 | Beauty & Cosmetics | NAT | 330499,beauty & cosmetics | 기타 | 330499 | nat,0,,,,,,2025-11-27,6461.836,False,exclude
buyer_candidate,대한무역투자진흥공사_SNS 마케팅 수집 바이어 정보,대한무역투자진흥공사_SNS 마케팅 수집 바이어 정보_20251127.csv,31,electronic,,IN,인도,IND,903180.0,903180.0,electronic | 그 밖의 기기 | 903180 | electronic | na | 903180,electronic | 그 밖의 기기 | 903180 | na,0,,,,,,2025-11-27,4692.672,False,exclude
buyer_candidate,대한무역투자진흥공사_SNS 마케팅 수집 바이어 정보,대한무역투자진흥공사_SNS 마케팅 수집 바이어 정보_20251127.csv,86,Makeup,,US,미국,USA,330499.0,330499.0,Makeup | 기타 | 330499 | Makeup | Na | 330499,makeup | 기타 | 330499 | na,0,,,,,,2025-11-27,11065.7,False,exclude
buyer_candidate,대한무역투자진흥공사_SNS 마케팅 수집 바이어 정보,대한무역투자진흥공사_SNS 마케팅 수집 바이어 정보_20251127.csv,143,skincare,,PH,필리핀,PHL,330499.0,330499.0,skincare | 기타 | 330499 | skincare | n/a | 330499,skincare | 기타 | 330499 | n | a,0,,,,,,2025-11-27,2615.751,False,exclude
buyer_candidate,대한무역투자진흥공사_SNS 마케팅 수집 바이어 정보,대한무역투자진흥공사_SNS 마케팅 수집 바이어 정보_20251127.csv,525,Cosmetic,,KE,케냐,KEN,330499.0,330499.0,Cosmetic | 기타 | 330499 | Cosmetic | ... | 330499,cosmetic | 기타 | 330499 | ...,0,,,,,,2025-11-27,10118.59,False,exclude
buyer_candidate,대한무역투자진흥공사_SNS 마케팅 수집 바이어 정보,대한무역투자진흥공사_SNS 마케팅 수집 바이어 정보_20251127.csv,698,팔수,,MY,말레이시아,MYS,847989.0,847989.0,팔수 | 기타 | 847989 | 팔수 | . | 847989,팔수 | 기타 | 847989 | .,0,,,,,,2025-11-27,4614.067,False,exclude
buyer_candidate,대한무역투자진흥공사_SNS 마케팅 수집 바이어 정보,대한무역투자진흥공사_SNS 마케팅 수집 바이어 정보_20251127.csv,1183,Clothes,,KZ,카자흐스탄,KAZ,611012.0,611012.0,Clothes | 캐시미어 산양의 털로 만든 것 | 611012 | Clothes | . | 611012,clothes | 캐시미어 산양의 털로 만든 것 | 611012 | .,0,,,,,,2025-11-27,4227.772,False,exclude
buyer_candidate,대한무역투자진흥공사_SNS 마케팅 수집 바이어 정보,대한무역투자진흥공사_SNS 마케팅 수집 바이어 정보_20251127.csv,1410,orginal parts,,JO,요르단,JOR,190590.0,190590.0,orginal parts | 기타 | 190590 | orginal parts | .. | 190590,orginal parts | 기타 | 190590 | ..,0,,,,,,2025-11-27,8009.55,False,exclude
buyer_candidate,대한무역투자진흥공사_SNS 마케팅 수집 바이어 정보,대한무역투자진흥공사_SNS 마케팅 수집 바이어 정보_20251127.csv,2028,Network & Mobile Electronics,,BR,브라질,BRA,852692.0,852692.0,Network & Mobile Electronics | 무선원격조절기기 | 852692 | Network & Mobile Electronics | na | 852692,network & mobile electronics | 무선원격조절기기 | 852692 | na,0,,,,,,2025-11-27,18364.51,False,exclude
buyer_candidate,대한무역투자진흥공사_SNS 마케팅 수집 바이어 정보,대한무역투자진흥공사_SNS 마케팅 수집 바이어 정보_20251127.csv,2089,kids_shampoo,,AZ,아제르바이잔,AZE,330510.0,330510.0,kids_shampoo | 샴푸 | 330510 | kids_shampoo | N/a | 330510,kids_shampoo | 샴푸 | 330510 | n | a,0,,,,,,2025-11-27,6461.836,False,exclude
buyer_candidate,대한무역투자진흥공사_SNS 마케팅 수집 바이어 정보,대한무역투자진흥공사_SNS 마케팅 수집 바이어 정보_20251127.csv,2160,Beauty & Personal Care,,JP,일본,JPN,330499.0,330499.0,Beauty & Personal Care | 기타 | 330499 | Beauty & Personal Care | n/a | 330499,beauty & personal care | 기타 | 330499 | n | a,0,,,,,,2025-11-27,1156.67,False,exclude
buyer_candidate,대한무역투자진흥공사_SNS 마케팅 수집 바이어 정보,대한무역투자진흥공사_SNS 마케팅 수집 바이어 정보_20251127.csv,3128,Beauty & Personal care,,ID,인도네시아,IDN,330499.0,330499.0,Beauty & Personal care | 기타 | 330499 | Beauty & Personal care | NA | 330499,beauty & personal care | 기타 | 330499 | na,0,,,,,,2025-11-27,5291.684,False,exclude
buyer_candidate,대한무역투자진흥공사_SNS 마케팅 수집 바이어 정보,대한무역투자진흥공사_SNS 마케팅 수집 바이어 정보_20251127.csv,3187,Hydrogen Production,,AR,아르헨티나,ARG,842121.0,842121.0,Hydrogen Production | 물의 여과용이나 청정용 | 842121 | Hydrogen Production | . | 842121,hydrogen production | 물의 여과용이나 청정용 | 842121 | .,0,,,,,,2025-11-27,19447.35,False,exclude
buyer_candidate,대한무역투자진흥공사_SNS 마케팅 수집 바이어 정보,대한무역투자진흥공사_SNS 마케팅 수집 바이어 정보_20251127.csv,3454,generation,,MA,모로코,MAR,761699.0,761699.0,generation | 기타 | 761699 | generation | . | 761699,generation | 기타 | 761699 | .,0,,,,,,2025-11-27,10750.38,False,exclude
buyer_candidate,대한무역투자진흥공사_SNS 마케팅 수집 바이어 정보,대한무역투자진흥공사_SNS 마케팅 수집 바이어 정보_20251127.csv,3777,Transportation,,BD,방글라데시,BGD,853080.0,853080.0,Transportation | 그 밖의 기기 | 853080 | Transportation | N/A | 853080,transportation | 그 밖의 기기 | 853080 | n | a,0,,,,,,2025-11-27,3800.079,False,exclude
buyer_candidate,대한무역투자진흥공사_SNS 마케팅 수집 바이어 정보,대한무역투자진흥공사_SNS 마케팅 수집 바이어 정보_20251127.csv,4699,Machinery,,FR,프랑스,FRA,847989.0,847989.0,Machinery | 기타 | 847989 | Machinery | . | 847989,machinery | 기타 | 847989 | .,0,,,,,,2025-11-27,8981.467,False,exclude
buyer_candidate,대한무역투자진흥공사_SNS 마케팅 수집 바이어 정보,대한무역투자진흥공사_SNS 마케팅 수집 바이어 정보_20251127.csv,4845,Health & Medical Devices,,CA,캐나다,CAN,902519.0,902519.0,Health & Medical Devices | 기타 | 902519 | Health & Medical Devices | N/A | 902519,health & medical devices | 기타 | 902519 | n | a,0,,,,,,2025-11-27,10617.7,False,exclude
buyer_candidate,대한무역투자진흥공사_SNS 마케팅 수집 바이어 정보,대한무역투자진흥공사_SNS 마케팅 수집 바이어 정보_20251127.csv,5023,Refrigeration & Heat Exchange,,KH,캄보디아,KHM,392590.0,392590.0,Refrigeration & Heat Exchange | 기타 | 392590 | Refrigeration & Heat Exchange | SA | 392590,refrigeration & heat exchange | 기타 | 392590 | sa,0,,,,,,2025-11-27,3628.807,False,exclude
buyer_candidate,대한무역투자진흥공사_SNS 마케팅 수집 바이어 정보,대한무역투자진흥공사_SNS 마케팅 수집 바이어 정보_20251127.csv,5967,Air Conditioners,,UZ,우즈베키스탄,UZB,841850.0,841850.0,"Air Conditioners | 냉장용이나 냉동용 장치를 갖춘 저장과 전시 목적의 그 밖의 가구[체스트(chest), 캐비닛, 전시용 카운터, 쇼케이스와 이와 유사한 것으로 한정한다] | 841850 | Air Conditioners | . | 841850",air conditioners | 냉장용이나 냉동용 장치를 갖춘 저장과 전시 목적의 그 밖의 가구[체스트(chest) | 캐비닛 | 전시용 카운터 | 쇼케이스와 이와 유사한 것으로 한정한다] | 841850 | .,0,,,,,,2025-11-27,4896.334,False,exclude
buyer_candidate,대한무역투자진흥공사_SNS 마케팅 수집 바이어 정보,대한무역투자진흥공사_SNS 마케팅 수집 바이어 정보_20251127.csv,6499,Beauty & Personal Care,,AE,아랍에미리트,ARE,330499.0,330499.0,Beauty & Personal Care | 기타 | 330499 | Beauty & Personal Care | Na | 330499,beauty & personal care | 기타 | 330499 | na,0,,,,,,2025-11-27,6909.236,False,exclude
buyer_candidate,대한무역투자진흥공사_SNS 마케팅 수집 바이어 정보,대한무역투자진흥공사_SNS 마케팅 수집 바이어 정보_20251127.csv,7297,Beauty & Personal care,,PY,파라과이,PRY,330499.0,330499.0,Beauty & Personal care | 기타 | 330499 | Beauty & Personal care | . | 330499,beauty & personal care | 기타 | 330499 | .,0,,,,,,2025-11-27,18600.7,False,exclude
buyer_candidate,대한무역투자진흥공사_SNS 마케팅 수집 바이어 정보,대한무역투자진흥공사_SNS 마케팅 수집 바이어 정보_20251127.csv,8117,Beauty & Personal care,,TD,차드,TCD,330499.0,330499.0,Beauty & Personal care | 기타 | 330499 | Beauty & Personal care | Na | 330499,beauty & personal care | 기타 | 330499 | na,0,,,,,,2025-11-27,11057.34,False,exclude
buyer_candidate,대한무역투자진흥공사_SNS 마케팅 수집 바이어 정보,대한무역투자진흥공사_SNS 마케팅 수집 바이어 정보_20251127.csv,11056,"food,_beverage_&_agriculture",,LY,리비아,LBY,220110.0,220110.0,"food,_beverage_&_agriculture | 광천수와 탄산수 | 220110 | food,_beverage_&_agriculture | ... | 220110",food | _beverage_&_agriculture | 광천수와 탄산수 | 220110 | ...,0,,,,,,2025-11-27,9640.625,False,exclude
buyer_candidate,대한무역투자진흥공사_SNS 마케팅 수집 바이어 정보,대한무역투자진흥공사_SNS 마케팅 수집 바이어 정보_20251127.csv,11352,"Plant, Power & Equipments",,PK,파키스탄,PAK,940549.0,940549.0,"Plant, Power & Equipments | 기타 | 940549 | Plant, Power & Equipments | Na | 940549",plant | power & equipments | 기타 | 940549 | na,0,,,,,,2025-11-27,4828.073,False,exclude
buyer_candidate,대한무역투자진흥공사_SNS 마케팅 수집 바이어 정보,대한무역투자진흥공사_SNS 마케팅 수집 바이어 정보_20251127.csv,11762,Machinery & Heavy Equipment,,DZ,알제리,DZA,903210.0,903210.0,Machinery & Heavy Equipment | 온도 자동조절용 기기 | 903210 | Machinery & Heavy Equipment | company | 903210,machinery & heavy equipment | 온도 자동조절용 기기 | 903210 | company,0,,,,,,2025-11-27,9954.01,False,exclude
buyer_candidate,대한무역투자진흥공사_SNS 마케팅 수집 바이어 정보,대한무역투자진흥공사_SNS 마케팅 수집 바이어 정보_20251127.csv,13551,Food,,South Africa,남아프리카공화국,ZAF,850940.0,850940.0,"Food | 식품용 그라인더와 믹서, 과즙ᆞ채소즙 추출기 | 850940 | Food | n/a | 850940",food | 식품용 그라인더와 믹서 | 과즙ᆞ채소즙 추출기 | 850940 | n | a,0,,,,,,2025-11-27,13723.41,False,exclude
buyer_candidate,대한무역투자진흥공사_SNS 마케팅 수집 바이어 정보,대한무역투자진흥공사_SNS 마케팅 수집 바이어 정보_20251127.csv,13632,"Orthopedics Casting (fiberglass, polyester) Tape",,QA,카타르,QAT,902190.0,902190.0,"Orthopedics Casting (fiberglass, polyester) Tape | 기타 | 902190 | Orthopedics Casting (fiberglass, polyester) Tape | . | 902190",orthopedics casting (fiberglass | polyester) tape | 기타 | 902190 | .,0,,,,,,2025-11-27,7113.408,False,exclude
buyer_candidate,대한무역투자진흥공사_SNS 마케팅 수집 바이어 정보,대한무역투자진흥공사_SNS 마케팅 수집 바이어 정보_20251127.csv,13633,"Orthopedics Casting (fiberglass, polyester) Tape",,OM,오만,OMN,902190.0,902190.0,"Orthopedics Casting (fiberglass, polyester) Tape | 기타 | 902190 | Orthopedics Casting (fiberglass, polyester) Tape | . | 902190",orthopedics casting (fiberglass | polyester) tape | 기타 | 902190 | .,0,,,,,,2025-11-27,6590.233,False,exclude
buyer_candidate,대한무역투자진흥공사_SNS 마케팅 수집 바이어 정보,대한무역투자진흥공사_SNS 마케팅 수집 바이어 정보_20251127.csv,13787,diagnostic_equipment,,SG,싱가포르,SGP,901890.0,901890.0,diagnostic_equipment | 그 밖의 기기 | 901890 | diagnostic_equipment | NA | 901890,diagnostic_equipment | 그 밖의 기기 | 901890 | na,0,,,,,,2025-11-27,4676.683,False,exclude
buyer_candidate,대한무역투자진흥공사_SNS 마케팅 수집 바이어 정보,대한무역투자진흥공사_SNS 마케팅 수집 바이어 정보_20251127.csv,15172,black_body_radiant_ondol_2.0m,,VN,베트남,VNM,851629.0,851629.0,black_body_radiant_ondol_2.0m | 기타 | 851629 | black_body_radiant_ondol_2.0m | N/A | 851629,black_body_radiant_ondol_2.0m | 기타 | 851629 | n | a,0,,,,,,2025-11-27,2740.135,False,exclude
buyer_candidate,대한무역투자진흥공사_SNS 마케팅 수집 바이어 정보,대한무역투자진흥공사_SNS 마케팅 수집 바이어 정보_20251127.csv,15878,automotive_parts,,ET,에티오피아,ETH,321410.0,321410.0,"automotive_parts | 유리 접합용 퍼티(putty)ᆞ접목용 퍼티(putty)ᆞ수지시멘트ᆞ코킹(caulking)화합물과 그 밖의 매스틱(mastic), 도장용 충전제 | 321410 | automotive_parts | . | 321410",automotive_parts | 유리 접합용 퍼티(putty)ᆞ접목용 퍼티(putty)ᆞ수지시멘트ᆞ코킹(caulking)화합물과 그 밖의 매스틱(mastic) | 도장용 충전제 | 321410 | .,0,,,,,,2025-11-27,9244.567,False,exclude
buyer_candidate,대한무역투자진흥공사_SNS 마케팅 수집 바이어 정보,대한무역투자진흥공사_SNS 마케팅 수집 바이어 정보_20251127.csv,16897,"home_appliances,_electrical_&_electronic_components",,NG,나이지리아,NGA,850980.0,850980.0,"home_appliances,_electrical_&_electronic_components | 그 밖의 기기 | 850980 | home_appliances,_electrical_&_electronic_components | N/A | 850980",home_appliances | _electrical_&_electronic_components | 그 밖의 기기 | 850980 | n | a,0,,,,,,2025-11-27,12414.0,False,exclude
buyer_candidate,대한무역투자진흥공사_SNS 마케팅 수집 바이어 정보,대한무역투자진흥공사_SNS 마케팅 수집 바이어 정보_20251127.csv,17002,health_food,,CO,콜롬비아,COL,220299.0,220299.0,health_food | 기타 | 220299 | health_food | na | 220299,health_food | 기타 | 220299 | na,0,,,,,,2025-11-27,14817.3,False,exclude
buyer_candidate,대한무역투자진흥공사_SNS 마케팅 수집 바이어 정보,대한무역투자진흥공사_SNS 마케팅 수집 바이어 정보_20251127.csv,17464,beauty,,GH,가나,GHA,340130.0,340130.0,"beauty | 피부세척용 유기계면활성제품과 조제품(액체나 크림 형태의 소매용으로 한정하며, 비누를 함유한 것인지에 상관없다) | 340130 | beauty | N/A | 340130",beauty | 피부세척용 유기계면활성제품과 조제품(액체나 크림 형태의 소매용으로 한정하며 | 비누를 함유한 것인지에 상관없다) | 340130 | n | a,0,,,,,,2025-11-27,12774.57,False,exclude
buyer_candidate,대한무역투자진흥공사_SNS 마케팅 수집 바이어 정보,대한무역투자진흥공사_SNS 마케팅 수집 바이어 정보_20251127.csv,18056,powerplant_&_landing_gear,,SY,시리아,SYR,848340.0,848340.0,"powerplant_&_landing_gear | 기어(gear)와 기어링(gearing)[날이 붙은 휠ᆞ체인스프로켓(chain sprocket)과 분리되어 제시된 그 밖의 전동(transmission)용 엘리먼트는 제외한다], 볼이나 롤러스크루(roller screw), 기어박스와 그 밖의 변속기[토크컨버터(torque converter)를 포함한다] | 848340 | powerplant_&_landing_gear | . | 848340",powerplant_&_landing_gear | 기어(gear)와 기어링(gearing)[날이 붙은 휠ᆞ체인스프로켓(chain sprocket)과 분리되어 제시된 그 밖의 전동(transmission)용 엘리먼트는 제외한다] | 볼이나 롤러스크루(roller screw) | 기어박스와 그 밖의 변속기[토크컨버터(torque converter)를 포함한다] | 848340 | .,0,,,,,,2025-11-27,7885.105,False,exclude
buyer_candidate,대한무역투자진흥공사_SNS 마케팅 수집 바이어 정보,대한무역투자진흥공사_SNS 마케팅 수집 바이어 정보_20251127.csv,21431,beauty,,AG,앤티가바부다,ATG,330499.0,330499.0,beauty | 기타 | 330499 | beauty | NA | 330499,beauty | 기타 | 330499 | na,0,,,,,,2025-11-27,13883.16,False,exclude
buyer_candidate,대한무역투자진흥공사_SNS 마케팅 수집 바이어 정보,대한무역투자진흥공사_SNS 마케팅 수집 바이어 정보_20251127.csv,22194,service,,TN,튀니지,TUN,851769.0,851769.0,service | 기타 | 851769 | service | . | 851769,service | 기타 | 851769 | .,0,,,,,,2025-11-27,9513.838,False,exclude
buyer_candidate,대한무역투자진흥공사_SNS 마케팅 수집 바이어 정보,대한무역투자진흥공사_SNS 마케팅 수집 바이어 정보_20251127.csv,24396,semiconductors_&_displays,,NL,네덜란드,NLD,848420.0,848420.0,semiconductors_&_displays | 메커니컬 실(mechanical seal) | 848420 | semiconductors_&_displays | Na | 848420,semiconductors_&_displays | 메커니컬 실(mechanical seal) | 848420 | na,0,,,,,,2025-11-27,8573.183,False,exclude
buyer_candidate,대한무역투자진흥공사_SNS 마케팅 수집 바이어 정보,대한무역투자진흥공사_SNS 마케팅 수집 바이어 정보_20251127.csv,25060,haesali_dried_fish_jerks,,HK,홍콩,HKG,160419.0,160419.0,haesali_dried_fish_jerks | 기타 | 160419 | haesali_dried_fish_jerks | Na | 160419,haesali_dried_fish_jerks | 기타 | 160419 | na,0,,,,,,2025-11-27,2095.843,False,exclude
buyer_candidate,대한무역투자진흥공사_SNS 마케팅 수집 바이어 정보,대한무역투자진흥공사_SNS 마케팅 수집 바이어 정보_20251127.csv,25702,service,,MX,멕시코,MEX,851769.0,851769.0,service | 기타 | 851769 | service | N/A | 851769,service | 기타 | 851769 | n | a,0,,,,,,2025-11-27,12066.01,False,exclude
buyer_candidate,대한무역투자진흥공사_SNS 마케팅 수집 바이어 정보,대한무역투자진흥공사_SNS 마케팅 수집 바이어 정보_20251127.csv,28271,furniture_&_home_decor,,RO,루마니아,ROU,441990.0,441990.0,furniture_&_home_decor | 기타 | 441990 | furniture_&_home_decor | @ | 441990,furniture_&_home_decor | 기타 | 441990 | @,0,,,,,,2025-11-27,,False,exclude
buyer_candidate,대한무역투자진흥공사_SNS 마케팅 수집 바이어 정보,대한무역투자진흥공사_SNS 마케팅 수집 바이어 정보_20251127.csv,30278,beauty,,AT,오스트리아,AUT,330410.0,330410.0,beauty | 입술화장용 제품류 | 330410 | beauty | Na | 330410,beauty | 입술화장용 제품류 | 330410 | na,0,,,,,,2025-11-27,8289.029,False,exclude
buyer_candidate,대한무역투자진흥공사_SNS 마케팅 수집 바이어 정보,대한무역투자진흥공사_SNS 마케팅 수집 바이어 정보_20251127.csv,30877,beauty,,,나미비아,NAM,330499.0,330499.0,beauty | 기타 | 330499 | beauty | N/A | 330499,beauty | 기타 | 330499 | n | a,0,,,,,,2025-11-27,13231.29,False,exclude
buyer_candidate,대한무역투자진흥공사_SNS 마케팅 수집 바이어 정보,대한무역투자진흥공사_SNS 마케팅 수집 바이어 정보_20251127.csv,33579,home_appliances,,.,미국령 군소 제도,UMI,852869.0,852869.0,home_appliances | 기타 | 852869 | home_appliances | . | 852869,home_appliances | 기타 | 852869 | .,0,,,,,,2025-11-27,,False,exclude
buyer_candidate,대한무역투자진흥공사_SNS 마케팅 수집 바이어 정보,대한무역투자진흥공사_SNS 마케팅 수집 바이어 정보_20251127.csv,37506,Face Cream,,UK,영국,GBR,340111.0,340111.0,Face Cream | 화장용(약용을 포함한다) | 340111 | Face Cream | Na | 340111,face cream | 화장용(약용을 포함한다) | 340111 | na,0,,,,,,2025-11-27,8875.39,False,exclude
buyer_candidate,대한무역투자진흥공사_SNS 마케팅 수집 바이어 정보,대한무역투자진흥공사_SNS 마케팅 수집 바이어 정보_20251127.csv,38759,health_care_supplies,,TW,대만,TWN,382499.0,382499.0,health_care_supplies | 기타 | 382499 | health_care_supplies | . | 382499,health_care_supplies | 기타 | 382499 | .,0,,,,,,2025-11-27,1475.758,False,exclude
buyer_candidate,대한무역투자진흥공사_SNS 마케팅 수집 바이어 정보,대한무역투자진흥공사_SNS 마케팅 수집 바이어 정보_20251127.csv,39794,beauty,,EG,이집트,EGY,330499.0,330499.0,beauty | 기타 | 330499 | beauty | .. | 330499,beauty | 기타 | 330499 | ..,0,,,,,,2025-11-27,8497.368,False,exclude
buyer_candidate,대한무역투자진흥공사_SNS 마케팅 수집 바이어 정보,대한무역투자진흥공사_SNS 마케팅 수집 바이어 정보_20251127.csv,40308,fashion,,DE,독일,DEU,420212.0,420212.0,fashion | 외부 표면을 플라스틱이나 방직용 섬유재료로 만든 것 | 420212 | fashion | NA | 420212,fashion | 외부 표면을 플라스틱이나 방직용 섬유재료로 만든 것 | 420212 | na,0,,,,,,2025-11-27,8543.784,False,exclude
buyer_candidate,대한무역투자진흥공사_SNS 마케팅 수집 바이어 정보,대한무역투자진흥공사_SNS 마케팅 수집 바이어 정보_20251127.csv,40402,life_&_health,,PE,페루,PER,340220.0,340220.0,life_&_health | 소매용 조제품 | 340220 | life_&_health | Na | 340220,life_&_health | 소매용 조제품 | 340220 | na,0,,,,,,2025-11-27,16329.76,False,exclude
buyer_candidate,대한무역투자진흥공사_SNS 마케팅 수집 바이어 정보,대한무역투자진흥공사_SNS 마케팅 수집 바이어 정보_20251127.csv,42247,"food,_beverage_&_agriculture",,TH,태국,THA,220299.0,220299.0,"food,_beverage_&_agriculture | 기타 | 220299 | food,_beverage_&_agriculture | Ltd | 220299",food | _beverage_&_agriculture | 기타 | 220299 | ltd,0,,,,,,2025-11-27,3724.624,False,exclude
buyer_candidate,대한무역투자진흥공사_SNS 마케팅 수집 바이어 정보,대한무역투자진흥공사_SNS 마케팅 수집 바이어 정보_20251127.csv,45498,"home_appliances,_electrical_&_electronic_components",,EC,에콰도르,ECU,842199.0,842199.0,"home_appliances,_electrical_&_electronic_components | 기타 | 842199 | home_appliances,_electrical_&_electronic_components | CORP | 842199",home_appliances | _electrical_&_electronic_components | 기타 | 842199 | corp,0,,,,,,2025-11-27,15129.37,False,exclude
buyer_candidate,중소벤처기업진흥공단_GoBizKorea인콰이어리,해외바이어인콰이어리신청_20241230,1,스킨케어 디바이스 및 화장품,,미국,미국,,,,스킨케어 디바이스 및 화장품,스킨케어 디바이스 및 화장품,0,,,,,2024-01-02,2025-04-30,,False,exclude
buyer_candidate,중소벤처기업진흥공단_GoBizKorea인콰이어리,해외바이어인콰이어리신청_20241230,2,스킨케어 화장품(Skincare cosmetics),,러시아,러시아,,,,스킨케어 화장품(Skincare cosmetics),스킨케어 화장품(skincare cosmetics),0,,,,,2024-01-02,2025-04-30,,False,exclude
buyer_candidate,중소벤처기업진흥공단_GoBizKorea인콰이어리,해외바이어인콰이어리신청_20241230,3,메이크업 화장품,,브라질,브라질,,,,메이크업 화장품,메이크업 화장품,0,,,,,2024-01-02,2025-04-30,,False,exclude
buyer_candidate,중소벤처기업진흥공단_GoBizKorea인콰이어리,해외바이어인콰이어리신청_20241230,4,스킨케어 화장품,,인도네시아,인도네시아,,,,스킨케어 화장품,스킨케어 화장품,0,,,,,2024-01-02,2025-04-30,,False,exclude
buyer_candidate,중소벤처기업진흥공단_GoBizKorea인콰이어리,해외바이어인콰이어리신청_20241230,5,스킨케어 화장품,,베트남,베트남,,,,스킨케어 화장품,스킨케어 화장품,0,,,,,2024-01-02,2025-04-30,,False,exclude
buyer_candidate,중소벤처기업진흥공단_GoBizKorea인콰이어리,해외바이어인콰이어리신청_20241230,7,기타 미용 및 개인 용품,,대한민국,대한민국,,,,기타 미용 및 개인 용품,기타 미용 및 개인 용품,0,,,,,2024-01-03,2025-04-30,,False,exclude
buyer_candidate,중소벤처기업진흥공단_GoBizKorea인콰이어리,해외바이어인콰이어리신청_20241230,11,스킨케어 화장품,,필리핀,필리핀,,,,스킨케어 화장품,스킨케어 화장품,0,,,,,2024-01-03,2025-04-30,,False,exclude
buyer_candidate,중소벤처기업진흥공단_GoBizKorea인콰이어리,해외바이어인콰이어리신청_20241230,16,스킨케어 화장품,,우크라이나,우크라이나,,,,스킨케어 화장품,스킨케어 화장품,0,,,,,2024-01-04,2025-04-30,,False,exclude
buyer_candidate,중소벤처기업진흥공단_GoBizKorea인콰이어리,해외바이어인콰이어리신청_20241230,17,스킨케어 화장품,,폴란드,폴란드,,,,스킨케어 화장품,스킨케어 화장품,0,,,,,2024-01-04,2025-04-30,,False,exclude
buyer_candidate,중소벤처기업진흥공단_GoBizKorea인콰이어리,해외바이어인콰이어리신청_20241230,18,화장품,,홍콩,홍콩,,,,화장품,화장품,0,,,,,2024-01-04,2025-04-30,,False,exclude
buyer_candidate,중소벤처기업진흥공단_GoBizKorea인콰이어리,해외바이어인콰이어리신청_20241230,22,스킨케어 화장품 및 헤어케어 제품,,대만,대만,,,,스킨케어 화장품 및 헤어케어 제품,스킨케어 화장품 및 헤어케어 제품,0,,,,,2024-01-04,2025-04-30,,False,exclude
buyer_candidate,중소벤처기업진흥공단_GoBizKorea인콰이어리,해외바이어인콰이어리신청_20241230,23,스킨케어 화장품,,사우디아라비아,사우디아라비아,,,,스킨케어 화장품,스킨케어 화장품,0,,,,,2024-01-04,2025-04-30,,False,exclude
buyer_candidate,중소벤처기업진흥공단_GoBizKorea인콰이어리,해외바이어인콰이어리신청_20241230,26,"보톡스, 필러, 스킨케어 화장품",,영국,영국,,,,"보톡스, 필러, 스킨케어 화장품","보톡스, 필러, 스킨케어 화장품",0,,,,,2024-01-04,2025-04-30,,False,exclude
buyer_candidate,중소벤처기업진흥공단_GoBizKorea인콰이어리,해외바이어인콰이어리신청_20241230,43,파운데이션(화장품),,인도,인도,,,,파운데이션(화장품),파운데이션(화장품),0,,,,,2024-01-06,2025-04-30,,False,exclude
buyer_candidate,중소벤처기업진흥공단_GoBizKorea인콰이어리,해외바이어인콰이어리신청_20241230,44,아이크림,,슬로바키아,슬로바키아,,,,아이크림,아이크림,0,,,,,2024-01-06,2025-04-30,,False,exclude
buyer_candidate,중소벤처기업진흥공단_GoBizKorea인콰이어리,해외바이어인콰이어리신청_20241230,45,스킨크림,,파키스탄,파키스탄,,,,스킨크림,스킨크림,0,,,,,2024-01-06,2025-04-30,,False,exclude
buyer_candidate,중소벤처기업진흥공단_GoBizKorea인콰이어리,해외바이어인콰이어리신청_20241230,56,스킨케어 화장품,,싱가포르,싱가포르,,,,스킨케어 화장품,스킨케어 화장품,0,,,,,2024-01-08,2025-04-30,,False,exclude
buyer_candidate,중소벤처기업진흥공단_GoBizKorea인콰이어리,해외바이어인콰이어리신청_20241230,58,"보톡스, 필러, 스킨케어 화장품",,일본,일본,,,,"보톡스, 필러, 스킨케어 화장품","보톡스, 필러, 스킨케어 화장품",0,,,,,2024-01-08,2025-04-30,,False,exclude
buyer_candidate,중소벤처기업진흥공단_GoBizKorea인콰이어리,해외바이어인콰이어리신청_20241230,69,지방분해 미용기기,,리투아니아,리투아니아,,,,지방분해 미용기기,지방분해 미용기기,0,,,,,2024-01-10,2025-04-30,,False,exclude
buyer_candidate,중소벤처기업진흥공단_GoBizKorea인콰이어리,해외바이어인콰이어리신청_20241230,80,기타 미용 및 개인 용품,,오스트레일리아,오스트레일리아,,,,기타 미용 및 개인 용품,기타 미용 및 개인 용품,0,,,,,2024-01-11,2025-04-30,,False,exclude
buyer_candidate,중소벤처기업진흥공단_GoBizKorea인콰이어리,해외바이어인콰이어리신청_20241230,94,미용기기,,예맨,예맨,,,,미용기기,미용기기,0,,,,,2024-01-14,2025-04-30,,False,exclude
buyer_candidate,중소벤처기업진흥공단_GoBizKorea인콰이어리,해외바이어인콰이어리신청_20241230,95,아이크림,,독일,독일,,,,아이크림,아이크림,0,,,,,2024-01-14,2025-04-30,,False,exclude
buyer_candidate,중소벤처기업진흥공단_GoBizKorea인콰이어리,해외바이어인콰이어리신청_20241230,96,"전문가용 필러, 미용제품",,안도라,안도라,,,,"전문가용 필러, 미용제품","전문가용 필러, 미용제품",0,,,,,2024-01-15,2025-04-30,,False,exclude
buyer_candidate,중소벤처기업진흥공단_GoBizKorea인콰이어리,해외바이어인콰이어리신청_20241230,98,스킨케어 미용기기 및 화장품,,중국,중국,,,,스킨케어 미용기기 및 화장품,스킨케어 미용기기 및 화장품,0,,,,,2024-01-15,2025-04-30,,False,exclude
buyer_candidate,중소벤처기업진흥공단_GoBizKorea인콰이어리,해외바이어인콰이어리신청_20241230,99,화장품,,태국,태국,,,,화장품,화장품,0,,,,,2024-01-15,2025-04-30,,False,exclude
buyer_candidate,중소벤처기업진흥공단_GoBizKorea인콰이어리,해외바이어인콰이어리신청_20241230,109,씨씨크림,,호주,호주,,,,씨씨크림,씨씨크림,0,,,,,2024-01-16,2025-04-30,,False,exclude
buyer_candidate,중소벤처기업진흥공단_GoBizKorea인콰이어리,해외바이어인콰이어리신청_20241230,110,내츄럴 립스틱,,아랍에미리트,아랍에미리트,,,,내츄럴 립스틱,내츄럴 립스틱,0,,,,,2024-01-16,2025-04-30,,False,exclude
buyer_candidate,중소벤처기업진흥공단_GoBizKorea인콰이어리,해외바이어인콰이어리신청_20241230,112,달팽이크림,,가나,가나,,,,달팽이크림,달팽이크림,0,,,,,2024-01-16,2025-04-30,,False,exclude
buyer_candidate,중소벤처기업진흥공단_GoBizKorea인콰이어리,해외바이어인콰이어리신청_20241230,135,여드름 케어 화장품,,말레이시아,말레이시아,,,,여드름 케어 화장품,여드름 케어 화장품,0,,,,,2024-01-17,2025-04-30,,False,exclude
buyer_candidate,중소벤처기업진흥공단_GoBizKorea인콰이어리,해외바이어인콰이어리신청_20241230,141,CC크림,,네덜란드,네덜란드,,,,CC크림,cc크림,0,,,,,2024-01-18,2025-04-30,,False,exclude
buyer_candidate,중소벤처기업진흥공단_GoBizKorea인콰이어리,해외바이어인콰이어리신청_20241230,165,크림,,네팔,네팔,,,,크림,크림,0,,,,,2024-01-19,2025-04-30,,False,exclude
buyer_candidate,중소벤처기업진흥공단_GoBizKorea인콰이어리,해외바이어인콰이어리신청_20241230,171,화장품,,뉴질랜드,뉴질랜드,,,,화장품,화장품,0,,,,,2024-01-22,2025-04-30,,False,exclude
buyer_candidate,중소벤처기업진흥공단_GoBizKorea인콰이어리,해외바이어인콰이어리신청_20241230,193,"썬크림, 스킨케어",,잠비아,잠비아,,,,"썬크림, 스킨케어","썬크림, 스킨케어",0,,,,,2024-01-23,2025-04-30,,False,exclude
buyer_candidate,중소벤처기업진흥공단_GoBizKorea인콰이어리,해외바이어인콰이어리신청_20241230,251,미용기기,,헝가리,헝가리,,,,미용기기,미용기기,0,,,,,2024-01-30,2025-04-30,,False,exclude
buyer_candidate,중소벤처기업진흥공단_GoBizKorea인콰이어리,해외바이어인콰이어리신청_20241230,252,미용 및 개인신변 장식제품,,이집트,이집트,,,,미용 및 개인신변 장식제품,미용 및 개인신변 장식제품,0,,,,,2024-01-30,2025-04-30,,False,exclude
buyer_candidate,중소벤처기업진흥공단_GoBizKorea인콰이어리,해외바이어인콰이어리신청_20241230,273,"ASTARTE 101 Monthly Color Lens : Colored contact lenses, Cosmetic contact lenses_I2024013149677_20240131",,세인트키츠네비스,세인트키츠네비스,,,,"ASTARTE 101 Monthly Color Lens : Colored contact lenses, Cosmetic contact lenses_I2024013149677_20240131","astarte 101 monthly color lens : colored contact lenses, cosmetic contact lenses_i2024013149677_20240131",0,,,,,2024-01-31,2025-04-30,,False,exclude
buyer_candidate,중소벤처기업진흥공단_GoBizKorea인콰이어리,해외바이어인콰이어리신청_20241230,304,마유 수분크림,,나이지리아,나이지리아,,,,마유 수분크림,마유 수분크림,0,,,,,2024-02-05,2025-04-30,,False,exclude
buyer_candidate,중소벤처기업진흥공단_GoBizKorea인콰이어리,해외바이어인콰이어리신청_20241230,323,기미크림,,미얀마,미얀마,,,,기미크림,기미크림,0,,,,,2024-02-05,2025-04-30,,False,exclude
buyer_candidate,중소벤처기업진흥공단_GoBizKorea인콰이어리,해외바이어인콰이어리신청_20241230,361,스킨케어 화장품,,콜롬비아,콜롬비아,,,,스킨케어 화장품,스킨케어 화장품,0,,,,,2024-02-13,2025-04-30,,False,exclude
buyer_candidate,중소벤처기업진흥공단_GoBizKorea인콰이어리,해외바이어인콰이어리신청_20241230,365,피부미용기기,,모리셔스,모리셔스,,,,피부미용기기,피부미용기기,0,,,,,2024-02-13,2025-04-30,,False,exclude
buyer_candidate,중소벤처기업진흥공단_GoBizKorea인콰이어리,해외바이어인콰이어리신청_20241230,403,화이트닝 크림,,이란,이란,,,,화이트닝 크림,화이트닝 크림,0,,,,,2024-02-17,2025-04-30,,False,exclude
buyer_candidate,중소벤처기업진흥공단_GoBizKorea인콰이어리,해외바이어인콰이어리신청_20241230,405,스킨케어 미용 기기,,터키,터키,,,,스킨케어 미용 기기,스킨케어 미용 기기,0,,,,,2024-02-18,2025-04-30,,False,exclude
buyer_candidate,중소벤처기업진흥공단_GoBizKorea인콰이어리,해외바이어인콰이어리신청_20241230,421,스킨케어 화장품,,이스라엘,이스라엘,,,,스킨케어 화장품,스킨케어 화장품,0,,,,,2024-02-20,2025-04-30,,False,exclude
buyer_candidate,중소벤처기업진흥공단_GoBizKorea인콰이어리,해외바이어인콰이어리신청_20241230,451,"스킨케어 토너, 크림",,과들루프,과들루프,,,,"스킨케어 토너, 크림","스킨케어 토너, 크림",0,,,,,2024-02-26,2025-04-30,,False,exclude
buyer_candidate,중소벤처기업진흥공단_GoBizKorea인콰이어리,해외바이어인콰이어리신청_20241230,464,MEDIBEE Serum (8ml),,케냐,케냐,,,,MEDIBEE Serum (8ml),medibee serum (8ml),0,,,,,2024-02-27,2025-04-30,,False,exclude
buyer_candidate,중소벤처기업진흥공단_GoBizKorea인콰이어리,해외바이어인콰이어리신청_20241230,468,미용,,이탈리아,이탈리아,,,,미용,미용,0,,,,,2024-02-28,2025-04-30,,False,exclude
buyer_candidate,중소벤처기업진흥공단_GoBizKorea인콰이어리,해외바이어인콰이어리신청_20241230,479,스킨케어크림,,방글라데시,방글라데시,,,,스킨케어크림,스킨케어크림,0,,,,,2024-02-28,2025-04-30,,False,exclude
buyer_candidate,중소벤처기업진흥공단_GoBizKorea인콰이어리,해외바이어인콰이어리신청_20241230,509,알로에 수딩겔 크림,,체코,체코,,,,알로에 수딩겔 크림,알로에 수딩겔 크림,0,,,,,2024-03-04,2025-04-30,,False,exclude
buyer_candidate,중소벤처기업진흥공단_GoBizKorea인콰이어리,해외바이어인콰이어리신청_20241230,512,화장품,,스페인,스페인,,,,화장품,화장품,0,,,,,2024-03-05,2025-04-30,,False,exclude
buyer_candidate,중소벤처기업진흥공단_GoBizKorea인콰이어리,해외바이어인콰이어리신청_20241230,513,오메가 라이트 (미용기기),,없음,없음,,,,오메가 라이트 (미용기기),오메가 라이트 (미용기기),0,,,,,2024-03-05,2025-04-30,,False,exclude
buyer_candidate,중소벤처기업진흥공단_GoBizKorea인콰이어리,해외바이어인콰이어리신청_20241230,599,건강 및 미용,,몽골,몽골,,,,건강 및 미용,건강 및 미용,0,,,,,2024-03-15,2025-04-30,,False,exclude
buyer_candidate,중소벤처기업진흥공단_GoBizKorea인콰이어리,해외바이어인콰이어리신청_20241230,601,건강 및 미용,,세르비아,세르비아,,,,건강 및 미용,건강 및 미용,0,,,,,2024-03-15,2025-04-30,,False,exclude
buyer_candidate,중소벤처기업진흥공단_GoBizKorea인콰이어리,해외바이어인콰이어리신청_20241230,666,스킨케어 크림,,타이,타이,,,,스킨케어 크림,스킨케어 크림,0,,,,,2024-03-21,2025-04-30,,False,exclude
buyer_candidate,중소벤처기업진흥공단_GoBizKorea인콰이어리,해외바이어인콰이어리신청_20241230,687,시카크림,,코스타리카,코스타리카,,,,시카크림,시카크림,0,,,,,2024-03-25,2025-04-30,,False,exclude
buyer_candidate,중소벤처기업진흥공단_GoBizKorea인콰이어리,해외바이어인콰이어리신청_20241230,711,화장품,,스웨덴,스웨덴,,,,화장품,화장품,0,,,,,2024-03-27,2025-04-30,,False,exclude
buyer_candidate,중소벤처기업진흥공단_GoBizKorea인콰이어리,해외바이어인콰이어리신청_20241230,783,미용 및 개인신변 장식제품,,캄보디아,캄보디아,,,,미용 및 개인신변 장식제품,미용 및 개인신변 장식제품,0,,,,,2024-04-04,2025-04-30,,False,exclude
buyer_candidate,중소벤처기업진흥공단_GoBizKorea인콰이어리,해외바이어인콰이어리신청_20241230,789,화장품,,세인트마틴,세인트마틴,,,,화장품,화장품,0,,,,,2024-04-05,2025-04-30,,False,exclude
buyer_candidate,중소벤처기업진흥공단_GoBizKorea인콰이어리,해외바이어인콰이어리신청_20241230,886,화장품,,프랑스,프랑스,,,,화장품,화장품,0,,,,,2024-04-19,2025-04-30,,False,exclude
buyer_candidate,중소벤처기업진흥공단_GoBizKorea인콰이어리,해외바이어인콰이어리신청_20241230,899,에센스 화장품,,레소토,레소토,,,,에센스 화장품,에센스 화장품,0,,,,,2024-04-22,2025-04-30,,False,exclude
buyer_candidate,중소벤처기업진흥공단_GoBizKorea인콰이어리,해외바이어인콰이어리신청_20241230,931,비비크림,,멕시코,멕시코,,,,비비크림,비비크림,0,,,,,2024-04-25,2025-04-30,,False,exclude
buyer_candidate,중소벤처기업진흥공단_GoBizKorea인콰이어리,해외바이어인콰이어리신청_20241230,975,"피부미용기 - 다이아소노310, 헤라버큠, 하이펙트",,키르기스스탄,키르기스스탄,,,,"피부미용기 - 다이아소노310, 헤라버큠, 하이펙트","피부미용기 - 다이아소노310, 헤라버큠, 하이펙트",0,,,,,2024-04-29,2025-04-30,,False,exclude
buyer_candidate,중소벤처기업진흥공단_GoBizKorea인콰이어리,해외바이어인콰이어리신청_20241230,1008,화장품,,오스트리아,오스트리아,,,,화장품,화장품,0,,,,,2024-05-03,2025-04-30,,False,exclude
buyer_candidate,중소벤처기업진흥공단_GoBizKorea인콰이어리,해외바이어인콰이어리신청_20241230,1061,"ASTARTE 101 Monthly Color Lens : Colored contact lenses, Cosmetic contact lenses",,스위스,스위스,,,,"ASTARTE 101 Monthly Color Lens : Colored contact lenses, Cosmetic contact lenses","astarte 101 monthly color lens : colored contact lenses, cosmetic contact lenses",0,,,,,2024-05-13,2025-04-30,,False,exclude
buyer_candidate,중소벤처기업진흥공단_GoBizKorea인콰이어리,해외바이어인콰이어리신청_20241230,1116,레이저 미용기기,,레바논,레바논,,,,레이저 미용기기,레이저 미용기기,0,,,,,2024-05-19,2025-04-30,,False,exclude
buyer_candidate,중소벤처기업진흥공단_GoBizKorea인콰이어리,해외바이어인콰이어리신청_20241230,1121,보톡스필러크림,,라트비아,라트비아,,,,보톡스필러크림,보톡스필러크림,0,,,,,2024-05-20,2025-04-30,,False,exclude
buyer_candidate,중소벤처기업진흥공단_GoBizKorea인콰이어리,해외바이어인콰이어리신청_20241230,1191,스킨케어 화장품(Skincare cosmetics),,푸에르토리코,푸에르토리코,,,,스킨케어 화장품(Skincare cosmetics),스킨케어 화장품(skincare cosmetics),0,,,,,2024-05-27,2025-04-30,,False,exclude
buyer_candidate,중소벤처기업진흥공단_GoBizKorea인콰이어리,해외바이어인콰이어리신청_20241230,1192,미용 및 개인신변 장식제품,,칠레,칠레,,,,미용 및 개인신변 장식제품,미용 및 개인신변 장식제품,0,,,,,2024-05-28,2025-04-30,,False,exclude
buyer_candidate,중소벤처기업진흥공단_GoBizKorea인콰이어리,해외바이어인콰이어리신청_20241230,1248,미용기기,,불가리아,불가리아,,,,미용기기,미용기기,0,,,,,2024-06-03,2025-04-30,,False,exclude
buyer_candidate,중소벤처기업진흥공단_GoBizKorea인콰이어리,해외바이어인콰이어리신청_20241230,1290,미용 필러,,팔레스타인,팔레스타인,,,,미용 필러,미용 필러,0,,,,,2024-06-09,2025-04-30,,False,exclude
buyer_candidate,중소벤처기업진흥공단_GoBizKorea인콰이어리,해외바이어인콰이어리신청_20241230,1334,세럼,,하와이,하와이,,,,세럼,세럼,0,,,,,2024-06-15,2025-04-30,,False,exclude
buyer_candidate,중소벤처기업진흥공단_GoBizKorea인콰이어리,해외바이어인콰이어리신청_20241230,1337,화장품,,사이프러스,사이프러스,,,,화장품,화장품,0,,,,,2024-06-16,2025-04-30,,False,exclude
buyer_candidate,중소벤처기업진흥공단_GoBizKorea인콰이어리,해외바이어인콰이어리신청_20241230,1482,화장품,,키프로스,키프로스,,,,화장품,화장품,0,,,,,2024-07-09,2025-04-30,,False,exclude
buyer_candidate,중소벤처기업진흥공단_GoBizKorea인콰이어리,해외바이어인콰이어리신청_20241230,1554,재생 크림,,Aesthetics by Elsa,Aesthetics by Elsa,,,,재생 크림,재생 크림,0,,,,,2024-07-22,2025-04-30,,False,exclude
buyer_candidate,중소벤처기업진흥공단_GoBizKorea인콰이어리,해외바이어인콰이어리신청_20241230,1572,화장품,,러시아연방,러시아연방,,,,화장품,화장품,0,,,,,2024-07-24,2025-04-30,,False,exclude
buyer_candidate,중소벤처기업진흥공단_GoBizKorea인콰이어리,해외바이어인콰이어리신청_20241230,1676,페이셜 크림,,아르제바이잔,아르제바이잔,,,,페이셜 크림,페이셜 크림,0,,,,,2024-08-06,2025-04-30,,False,exclude
buyer_candidate,중소벤처기업진흥공단_GoBizKorea인콰이어리,해외바이어인콰이어리신청_20241230,1678,마취크림,,아제르바이잔,아제르바이잔,,,,마취크림,마취크림,0,,,,,2024-08-06,2025-04-30,,False,exclude
buyer_candidate,중소벤처기업진흥공단_GoBizKorea인콰이어리,해외바이어인콰이어리신청_20241230,1837,화장품,,이라크,이라크,,,,화장품,화장품,0,,,,,2024-09-02,2025-04-30,,False,exclude
buyer_candidate,중소벤처기업진흥공단_GoBizKorea인콰이어리,해외바이어인콰이어리신청_20241230,1878,모이스쳐크림,,마국,마국,,,,모이스쳐크림,모이스쳐크림,0,,,,,2024-09-08,2025-04-30,,False,exclude
buyer_candidate,중소벤처기업진흥공단_GoBizKorea인콰이어리,해외바이어인콰이어리신청_20241230,1917,리드 프로스트 (Leed Frost) 마취 크림,,루마니아,루마니아,,,,리드 프로스트 (Leed Frost) 마취 크림,리드 프로스트 (leed frost) 마취 크림,0,,,,,2024-09-18,2025-04-30,,False,exclude
buyer_candidate,중소벤처기업진흥공단_GoBizKorea인콰이어리,해외바이어인콰이어리신청_20241230,2024,미용기기,,요르단,요르단,,,,미용기기,미용기기,0,,,,,2024-10-05,2025-04-30,,False,exclude
buyer_candidate,중소벤처기업진흥공단_GoBizKorea인콰이어리,해외바이어인콰이어리신청_20241230,2086,화이트닝 크림,,케냐공화국,케냐공화국,,,,화이트닝 크림,화이트닝 크림,0,,,,,2024-10-17,2025-04-30,,False,exclude
buyer_candidate,중소벤처기업진흥공단_GoBizKorea인콰이어리,해외바이어인콰이어리신청_20241230,2092,화장품,,스리랑카,스리랑카,,,,화장품,화장품,0,,,,,2024-10-17,2025-04-30,,False,exclude
buyer_candidate,중소벤처기업진흥공단_GoBizKorea인콰이어리,해외바이어인콰이어리신청_20241230,2094,화장품,,아랍에미레이트,아랍에미레이트,,,,화장품,화장품,0,,,,,2024-10-17,2025-04-30,,False,exclude
buyer_candidate,중소벤처기업진흥공단_GoBizKorea인콰이어리,해외바이어인콰이어리신청_20241230,2156,건강 및 미용,,모로코,모로코,,,,건강 및 미용,건강 및 미용,0,,,,,2024-10-23,2025-04-30,,False,exclude
buyer_candidate,중소벤처기업진흥공단_GoBizKorea인콰이어리,해외바이어인콰이어리신청_20231231,2,기타 미용 및 개인 용품,,에스토니아,에스토니아,,,,기타 미용 및 개인 용품,기타 미용 및 개인 용품,0,,,,,,2025-04-30,,False,exclude
buyer_candidate,중소벤처기업진흥공단_GoBizKorea인콰이어리,해외바이어인콰이어리신청_20231231,9,기타 미용 및 개인 용품,,니카라과,니카라과,,,,기타 미용 및 개인 용품,기타 미용 및 개인 용품,0,,,,,,2025-04-30,,False,exclude
buyer_candidate,중소벤처기업진흥공단_GoBizKorea인콰이어리,해외바이어인콰이어리신청_20231231,24,향수 & 탈취제,,카타르,카타르,,,,향수 & 탈취제,향수 & 탈취제,0,,,,,,2025-04-30,,False,exclude
buyer_candidate,중소벤처기업진흥공단_GoBizKorea인콰이어리,해외바이어인콰이어리신청_20231231,25,향수 & 탈취제,,아이티,아이티,,,,향수 & 탈취제,향수 & 탈취제,0,,,,,,2025-04-30,,False,exclude
buyer_candidate,중소벤처기업진흥공단_GoBizKorea인콰이어리,해외바이어인콰이어리신청_20231231,26,향수 & 탈취제,,바누아투,바누아투,,,,향수 & 탈취제,향수 & 탈취제,0,,,,,,2025-04-30,,False,exclude
buyer_candidate,중소벤처기업진흥공단_GoBizKorea인콰이어리,해외바이어인콰이어리신청_20231231,30,향수 & 탈취제,,카보베르데,카보베르데,,,,향수 & 탈취제,향수 & 탈취제,0,,,,,,2025-04-30,,False,exclude
buyer_candidate,중소벤처기업진흥공단_GoBizKorea인콰이어리,해외바이어인콰이어리신청_20231231,32,향수 & 탈취제,,쿡 제도,쿡 제도,,,,향수 & 탈취제,향수 & 탈취제,0,,,,,,2025-04-30,,False,exclude
buyer_candidate,중소벤처기업진흥공단_GoBizKorea인콰이어리,해외바이어인콰이어리신청_20231231,34,향수 & 탈취제,,코트디부아르,코트디부아르,,,,향수 & 탈취제,향수 & 탈취제,0,,,,,,2025-04-30,,False,exclude
buyer_candidate,중소벤처기업진흥공단_GoBizKorea인콰이어리,해외바이어인콰이어리신청_20231231,36,향수 & 탈취제,,네덜란드령 안틸레스,네덜란드령 안틸레스,,,,향수 & 탈취제,향수 & 탈취제,0,,,,,,2025-04-30,,False,exclude
buyer_candidate,중소벤처기업진흥공단_GoBizKorea인콰이어리,해외바이어인콰이어리신청_20231231,37,향수 & 탈취제,,누벨칼레도니,누벨칼레도니,,,,향수 & 탈취제,향수 & 탈취제,0,,,,,,2025-04-30,,False,exclude
buyer_candidate,중소벤처기업진흥공단_GoBizKorea인콰이어리,해외바이어인콰이어리신청_20231231,38,향수 & 탈취제,,차드,차드,,,,향수 & 탈취제,향수 & 탈취제,0,,,,,,2025-04-30,,False,exclude
buyer_candidate,중소벤처기업진흥공단_GoBizKorea인콰이어리,해외바이어인콰이어리신청_20231231,39,향수 & 탈취제,,기타,기타,,,,향수 & 탈취제,향수 & 탈취제,0,,,,,,2025-04-30,,False,exclude
buyer_candidate,중소벤처기업진흥공단_GoBizKorea인콰이어리,해외바이어인콰이어리신청_20231231,41,향수 & 탈취제,,온두라스,온두라스,,,,향수 & 탈취제,향수 & 탈취제,0,,,,,,2025-04-30,,False,exclude
buyer_candidate,중소벤처기업진흥공단_GoBizKorea인콰이어리,해외바이어인콰이어리신청_20231231,43,향수 & 탈취제,,투르크메니스탄,투르크메니스탄,,,,향수 & 탈취제,향수 & 탈취제,0,,,,,,2025-04-30,,False,exclude
buyer_candidate,중소벤처기업진흥공단_GoBizKorea인콰이어리,해외바이어인콰이어리신청_20231231,44,향수 & 탈취제,,바레인,바레인,,,,향수 & 탈취제,향수 & 탈취제,0,,,,,,2025-04-30,,False,exclude
buyer_candidate,중소벤처기업진흥공단_GoBizKorea인콰이어리,해외바이어인콰이어리신청_20231231,45,향수 & 탈취제,,페루,페루,,,,향수 & 탈취제,향수 & 탈취제,0,,,,,,2025-04-30,,False,exclude
buyer_candidate,중소벤처기업진흥공단_GoBizKorea인콰이어리,해외바이어인콰이어리신청_20231231,46,향수 & 탈취제,,아이슬란드,아이슬란드,,,,향수 & 탈취제,향수 & 탈취제,0,,,,,,2025-04-30,,False,exclude
buyer_candidate,중소벤처기업진흥공단_GoBizKorea인콰이어리,해외바이어인콰이어리신청_20231231,48,향수 & 탈취제,,바베이도스,바베이도스,,,,향수 & 탈취제,향수 & 탈취제,0,,,,,,2025-04-30,,False,exclude
buyer_candidate,중소벤처기업진흥공단_GoBizKorea인콰이어리,해외바이어인콰이어리신청_20231231,49,향수 & 탈취제,,탄자니아,탄자니아,,,,향수 & 탈취제,향수 & 탈취제,0,,,,,,2025-04-30,,False,exclude
buyer_candidate,중소벤처기업진흥공단_GoBizKorea인콰이어리,해외바이어인콰이어리신청_20231231,84,화장품,,중앙아프리카 공화국,중앙아프리카 공화국,,,,화장품,화장품,0,,,,,,2025-04-30,,False,exclude
buyer_candidate,중소벤처기업진흥공단_GoBizKorea인콰이어리,해외바이어인콰이어리신청_20231231,86,화장품,,포르투갈,포르투갈,,,,화장품,화장품,0,,,,,,2025-04-30,,False,exclude
buyer_candidate,중소벤처기업진흥공단_GoBizKorea인콰이어리,해외바이어인콰이어리신청_20231231,89,화장품,,에리트레아,에리트레아,,,,화장품,화장품,0,,,,,,2025-04-30,,False,exclude
buyer_candidate,중소벤처기업진흥공단_GoBizKorea인콰이어리,해외바이어인콰이어리신청_20231231,95,미용기기,,에티오피아,에티오피아,,,,미용기기,미용기기,0,,,,,,2025-04-30,,False,exclude
buyer_candidate,중소벤처기업진흥공단_GoBizKorea인콰이어리,해외바이어인콰이어리신청_20231231,111,기타 미용 및 개인 용품,,파라과이,파라과이,,,,기타 미용 및 개인 용품,기타 미용 및 개인 용품,0,,,,,,2025-04-30,,False,exclude
buyer_candidate,중소벤처기업진흥공단_GoBizKorea인콰이어리,해외바이어인콰이어리신청_20231231,132,기타 미용 및 개인 용품,,건지 섬,건지 섬,,,,기타 미용 및 개인 용품,기타 미용 및 개인 용품,0,,,,,,2025-04-30,,False,exclude
buyer_candidate,중소벤처기업진흥공단_GoBizKorea인콰이어리,해외바이어인콰이어리신청_20231231,136,기타 미용 및 개인 용품,,라이베리아,라이베리아,,,,기타 미용 및 개인 용품,기타 미용 및 개인 용품,0,,,,,,2025-04-30,,False,exclude
buyer_candidate,중소벤처기업진흥공단_GoBizKorea인콰이어리,해외바이어인콰이어리신청_20231231,137,기타 미용 및 개인 용품,,예멘,예멘,,,,기타 미용 및 개인 용품,기타 미용 및 개인 용품,0,,,,,,2025-04-30,,False,exclude
buyer_candidate,중소벤처기업진흥공단_GoBizKorea인콰이어리,해외바이어인콰이어리신청_20231231,143,기타 미용 및 개인 용품,,버뮤다,버뮤다,,,,기타 미용 및 개인 용품,기타 미용 및 개인 용품,0,,,,,,2025-04-30,,False,exclude
buyer_candidate,중소벤처기업진흥공단_GoBizKorea인콰이어리,해외바이어인콰이어리신청_20231231,144,기타 미용 및 개인 용품,,모나코,모나코,,,,기타 미용 및 개인 용품,기타 미용 및 개인 용품,0,,,,,,2025-04-30,,False,exclude
buyer_candidate,중소벤처기업진흥공단_GoBizKorea인콰이어리,해외바이어인콰이어리신청_20231231,145,기타 미용 및 개인 용품,,트리니다드 토바고,트리니다드 토바고,,,,기타 미용 및 개인 용품,기타 미용 및 개인 용품,0,,,,,,2025-04-30,,False,exclude
buyer_candidate,중소벤처기업진흥공단_GoBizKorea인콰이어리,해외바이어인콰이어리신청_20231231,151,기타 미용 및 개인 용품,,토고,토고,,,,기타 미용 및 개인 용품,기타 미용 및 개인 용품,0,,,,,,2025-04-30,,False,exclude
buyer_candidate,중소벤처기업진흥공단_GoBizKorea인콰이어리,해외바이어인콰이어리신청_20231231,152,기타 미용 및 개인 용품,,슬로베니아,슬로베니아,,,,기타 미용 및 개인 용품,기타 미용 및 개인 용품,0,,,,,,2025-04-30,,False,exclude
buyer_candidate,중소벤처기업진흥공단_GoBizKorea인콰이어리,해외바이어인콰이어리신청_20231231,153,기타 미용 및 개인 용품,,신트마르턴,신트마르턴,,,,기타 미용 및 개인 용품,기타 미용 및 개인 용품,0,,,,,,2025-04-30,,False,exclude
buyer_candidate,중소벤처기업진흥공단_GoBizKorea인콰이어리,해외바이어인콰이어리신청_20231231,158,기타 미용 및 개인 용품,,북마리아나 제도,북마리아나 제도,,,,기타 미용 및 개인 용품,기타 미용 및 개인 용품,0,,,,,,2025-04-30,,False,exclude
buyer_candidate,중소벤처기업진흥공단_GoBizKorea인콰이어리,해외바이어인콰이어리신청_20231231,161,기타 미용 및 개인 용품,,터크스 케이커스 제도,터크스 케이커스 제도,,,,기타 미용 및 개인 용품,기타 미용 및 개인 용품,0,,,,,,2025-04-30,,False,exclude
buyer_candidate,중소벤처기업진흥공단_GoBizKorea인콰이어리,해외바이어인콰이어리신청_20231231,163,기타 미용 및 개인 용품,,마요트,마요트,,,,기타 미용 및 개인 용품,기타 미용 및 개인 용품,0,,,,,,2025-04-30,,False,exclude
buyer_candidate,중소벤처기업진흥공단_GoBizKorea인콰이어리,해외바이어인콰이어리신청_20231231,165,기타 미용 및 개인 용품,,모잠비크,모잠비크,,,,기타 미용 및 개인 용품,기타 미용 및 개인 용품,0,,,,,,2025-04-30,,False,exclude
buyer_candidate,중소벤처기업진흥공단_GoBizKorea인콰이어리,해외바이어인콰이어리신청_20231231,166,기타 미용 및 개인 용품,,그레나다,그레나다,,,,기타 미용 및 개인 용품,기타 미용 및 개인 용품,0,,,,,,2025-04-30,,False,exclude
buyer_candidate,중소벤처기업진흥공단_GoBizKorea인콰이어리,해외바이어인콰이어리신청_20231231,168,기타 미용 및 개인 용품,,가봉,가봉,,,,기타 미용 및 개인 용품,기타 미용 및 개인 용품,0,,,,,,2025-04-30,,False,exclude
buyer_candidate,중소벤처기업진흥공단_GoBizKorea인콰이어리,해외바이어인콰이어리신청_20231231,169,기타 미용 및 개인 용품,,니제르,니제르,,,,기타 미용 및 개인 용품,기타 미용 및 개인 용품,0,,,,,,2025-04-30,,False,exclude
buyer_candidate,중소벤처기업진흥공단_GoBizKorea인콰이어리,해외바이어인콰이어리신청_20231231,171,기타 미용 및 개인 용품,,에콰도르,에콰도르,,,,기타 미용 및 개인 용품,기타 미용 및 개인 용품,0,,,,,,2025-04-30,,False,exclude
buyer_candidate,중소벤처기업진흥공단_GoBizKorea인콰이어리,해외바이어인콰이어리신청_20231231,175,기타 미용 및 개인 용품,,볼리비아,볼리비아,,,,기타 미용 및 개인 용품,기타 미용 및 개인 용품,0,,,,,,2025-04-30,,False,exclude
buyer_candidate,중소벤처기업진흥공단_GoBizKorea인콰이어리,해외바이어인콰이어리신청_20231231,179,기타 미용 및 개인 용품,,포클랜드 제도,포클랜드 제도,,,,기타 미용 및 개인 용품,기타 미용 및 개인 용품,0,,,,,,2025-04-30,,False,exclude
buyer_candidate,중소벤처기업진흥공단_GoBizKorea인콰이어리,해외바이어인콰이어리신청_20231231,219,미용기기,,쿠웨이트,쿠웨이트,,,,미용기기,미용기기,0,,,,,,2025-04-30,,False,exclude
buyer_candidate,중소벤처기업진흥공단_GoBizKorea인콰이어리,해외바이어인콰이어리신청_20231231,250,미용기기,,짐바브웨,짐바브웨,,,,미용기기,미용기기,0,,,,,,2025-04-30,,False,exclude
buyer_candidate,중소벤처기업진흥공단_GoBizKorea인콰이어리,해외바이어인콰이어리신청_20231231,258,미용기기,,르완다,르완다,,,,미용기기,미용기기,0,,,,,,2025-04-30,,False,exclude
buyer_candidate,중소벤처기업진흥공단_GoBizKorea인콰이어리,해외바이어인콰이어리신청_20231231,279,미용기기,,마셜 제도,마셜 제도,,,,미용기기,미용기기,0,,,,,,2025-04-30,,False,exclude
buyer_candidate,중소벤처기업진흥공단_GoBizKorea인콰이어리,해외바이어인콰이어리신청_20231231,323,미용기기,,나미비아,나미비아,,,,미용기기,미용기기,0,,,,,,2025-04-30,,False,exclude
buyer_candidate,중소벤처기업진흥공단_GoBizKorea인콰이어리,해외바이어인콰이어리신청_20231231,335,미용기기,,시에라리온,시에라리온,,,,미용기기,미용기기,0,,,,,,2025-04-30,,False,exclude
buyer_candidate,중소벤처기업진흥공단_GoBizKorea인콰이어리,해외바이어인콰이어리신청_20231231,389,미용기기,,투발루,투발루,,,,미용기기,미용기기,0,,,,,,2025-04-30,,False,exclude
buyer_candidate,중소벤처기업진흥공단_GoBizKorea인콰이어리,해외바이어인콰이어리신청_20231231,394,미용기기,,그리스,그리스,,,,미용기기,미용기기,0,,,,,,2025-04-30,,False,exclude
buyer_candidate,중소벤처기업진흥공단_GoBizKorea인콰이어리,해외바이어인콰이어리신청_20231231,395,미용기기,,올란드 제도,올란드 제도,,,,미용기기,미용기기,0,,,,,,2025-04-30,,False,exclude
buyer_candidate,중소벤처기업진흥공단_GoBizKorea인콰이어리,해외바이어인콰이어리신청_20231231,397,미용기기,,케이맨 제도,케이맨 제도,,,,미용기기,미용기기,0,,,,,,2025-04-30,,False,exclude
buyer_candidate,중소벤처기업진흥공단_GoBizKorea인콰이어리,해외바이어인콰이어리신청_20231231,398,미용기기,,솔로몬 제도,솔로몬 제도,,,,미용기기,미용기기,0,,,,,,2025-04-30,,False,exclude
buyer_candidate,중소벤처기업진흥공단_GoBizKorea인콰이어리,해외바이어인콰이어리신청_20231231,401,미용기기,,노퍽 섬,노퍽 섬,,,,미용기기,미용기기,0,,,,,,2025-04-30,,False,exclude
buyer_candidate,중소벤처기업진흥공단_GoBizKorea인콰이어리,해외바이어인콰이어리신청_20231231,415,화장품,,감비아,감비아,,,,화장품,화장품,0,,,,,,2025-04-30,,False,exclude
buyer_candidate,중소벤처기업진흥공단_GoBizKorea인콰이어리,해외바이어인콰이어리신청_20231231,422,기타 미용 및 개인 용품,,부르키나파소,부르키나파소,,,,기타 미용 및 개인 용품,기타 미용 및 개인 용품,0,,,,,,2025-04-30,,False,exclude
buyer_candidate,중소벤처기업진흥공단_GoBizKorea인콰이어리,해외바이어인콰이어리신청_20231231,434,미용기기,,알바니아,알바니아,,,,미용기기,미용기기,0,,,,,,2025-04-30,,False,exclude
buyer_candidate,중소벤처기업진흥공단_GoBizKorea인콰이어리,해외바이어인콰이어리신청_20231231,438,화장품,,캐나다,캐나다,,,,화장품,화장품,0,,,,,,2025-04-30,,False,exclude
buyer_candidate,중소벤처기업진흥공단_GoBizKorea인콰이어리,해외바이어인콰이어리신청_20231231,471,화장품,,미국령 버진아일랜드,미국령 버진아일랜드,,,,화장품,화장품,0,,,,,,2025-04-30,,False,exclude
buyer_candidate,중소벤처기업진흥공단_GoBizKorea인콰이어리,해외바이어인콰이어리신청_20231231,496,기타 미용 및 개인 용품,,카메룬,카메룬,,,,기타 미용 및 개인 용품,기타 미용 및 개인 용품,0,,,,,,2025-04-30,,False,exclude
buyer_candidate,중소벤처기업진흥공단_GoBizKorea인콰이어리,해외바이어인콰이어리신청_20231231,501,기타 미용 및 개인 용품,,앙골라,앙골라,,,,기타 미용 및 개인 용품,기타 미용 및 개인 용품,0,,,,,,2025-04-30,,False,exclude
buyer_candidate,중소벤처기업진흥공단_GoBizKorea인콰이어리,해외바이어인콰이어리신청_20231231,506,기타 미용 및 개인 용품,,남수단,남수단,,,,기타 미용 및 개인 용품,기타 미용 및 개인 용품,0,,,,,,2025-04-30,,False,exclude
buyer_candidate,중소벤처기업진흥공단_GoBizKorea인콰이어리,해외바이어인콰이어리신청_20231231,508,기타 미용 및 개인 용품,,마르티니크,마르티니크,,,,기타 미용 및 개인 용품,기타 미용 및 개인 용품,0,,,,,,2025-04-30,,False,exclude
buyer_candidate,중소벤처기업진흥공단_GoBizKorea인콰이어리,해외바이어인콰이어리신청_20231231,512,기타 미용 및 개인 용품,,타지키스탄,타지키스탄,,,,기타 미용 및 개인 용품,기타 미용 및 개인 용품,0,,,,,,2025-04-30,,False,exclude
buyer_candidate,중소벤처기업진흥공단_GoBizKorea인콰이어리,해외바이어인콰이어리신청_20231231,514,기타 미용 및 개인 용품,,프랑스령 폴리네시아,프랑스령 폴리네시아,,,,기타 미용 및 개인 용품,기타 미용 및 개인 용품,0,,,,,,2025-04-30,,False,exclude
buyer_candidate,중소벤처기업진흥공단_GoBizKorea인콰이어리,해외바이어인콰이어리신청_20231231,515,기타 미용 및 개인 용품,,우루과이,우루과이,,,,기타 미용 및 개인 용품,기타 미용 및 개인 용품,0,,,,,,2025-04-30,,False,exclude
buyer_candidate,중소벤처기업진흥공단_GoBizKorea인콰이어리,해외바이어인콰이어리신청_20231231,516,기타 미용 및 개인 용품,,세인트헬레나,세인트헬레나,,,,기타 미용 및 개인 용품,기타 미용 및 개인 용품,0,,,,,,2025-04-30,,False,exclude
buyer_candidate,중소벤처기업진흥공단_GoBizKorea인콰이어리,해외바이어인콰이어리신청_20231231,517,기타 미용 및 개인 용품,,오만,오만,,,,기타 미용 및 개인 용품,기타 미용 및 개인 용품,0,,,,,,2025-04-30,,False,exclude
buyer_candidate,중소벤처기업진흥공단_GoBizKorea인콰이어리,해외바이어인콰이어리신청_20231231,519,기타 미용 및 개인 용품,,자메이카,자메이카,,,,기타 미용 및 개인 용품,기타 미용 및 개인 용품,0,,,,,,2025-04-30,,False,exclude
buyer_candidate,중소벤처기업진흥공단_GoBizKorea인콰이어리,해외바이어인콰이어리신청_20231231,523,기타 미용 및 개인 용품,,벨리즈,벨리즈,,,,기타 미용 및 개인 용품,기타 미용 및 개인 용품,0,,,,,,2025-04-30,,False,exclude
buyer_candidate,중소벤처기업진흥공단_GoBizKorea인콰이어리,해외바이어인콰이어리신청_20231231,536,기타 미용 및 개인 용품,,아일랜드,아일랜드,,,,기타 미용 및 개인 용품,기타 미용 및 개인 용품,0,,,,,,2025-04-30,,False,exclude
buyer_candidate,중소벤처기업진흥공단_GoBizKorea인콰이어리,해외바이어인콰이어리신청_20231231,561,기타 미용 및 개인 용품,,앤티가 바부다,앤티가 바부다,,,,기타 미용 및 개인 용품,기타 미용 및 개인 용품,0,,,,,,2025-04-30,,False,exclude
buyer_candidate,중소벤처기업진흥공단_GoBizKorea인콰이어리,해외바이어인콰이어리신청_20231231,566,기타 미용 및 개인 용품,,왈리스 퓌튀나,왈리스 퓌튀나,,,,기타 미용 및 개인 용품,기타 미용 및 개인 용품,0,,,,,,2025-04-30,,False,exclude
buyer_candidate,중소벤처기업진흥공단_GoBizKorea인콰이어리,해외바이어인콰이어리신청_20231231,568,기타 미용 및 개인 용품,,스발바르 얀마옌,스발바르 얀마옌,,,,기타 미용 및 개인 용품,기타 미용 및 개인 용품,0,,,,,,2025-04-30,,False,exclude
buyer_candidate,중소벤처기업진흥공단_GoBizKorea인콰이어리,해외바이어인콰이어리신청_20231231,569,기타 미용 및 개인 용품,,아루바,아루바,,,,기타 미용 및 개인 용품,기타 미용 및 개인 용품,0,,,,,,2025-04-30,,False,exclude
buyer_candidate,중소벤처기업진흥공단_GoBizKorea인콰이어리,해외바이어인콰이어리신청_20231231,570,기타 미용 및 개인 용품,,저지 섬,저지 섬,,,,기타 미용 및 개인 용품,기타 미용 및 개인 용품,0,,,,,,2025-04-30,,False,exclude
buyer_candidate,중소벤처기업진흥공단_GoBizKorea인콰이어리,해외바이어인콰이어리신청_20231231,575,기타 미용 및 개인 용품,,콩고 민주 공화국,콩고 민주 공화국,,,,기타 미용 및 개인 용품,기타 미용 및 개인 용품,0,,,,,,2025-04-30,,False,exclude
buyer_candidate,중소벤처기업진흥공단_GoBizKorea인콰이어리,해외바이어인콰이어리신청_20231231,578,기타 미용 및 개인 용품,,파푸아뉴기니,파푸아뉴기니,,,,기타 미용 및 개인 용품,기타 미용 및 개인 용품,0,,,,,,2025-04-30,,False,exclude
buyer_candidate,중소벤처기업진흥공단_GoBizKorea인콰이어리,해외바이어인콰이어리신청_20231231,581,기타 미용 및 개인 용품,,리히텐슈타인,리히텐슈타인,,,,기타 미용 및 개인 용품,기타 미용 및 개인 용품,0,,,,,,2025-04-30,,False,exclude
buyer_candidate,중소벤처기업진흥공단_GoBizKorea인콰이어리,해외바이어인콰이어리신청_20231231,584,기타 미용 및 개인 용품,,노르웨이,노르웨이,,,,기타 미용 및 개인 용품,기타 미용 및 개인 용품,0,,,,,,2025-04-30,,False,exclude
buyer_candidate,중소벤처기업진흥공단_GoBizKorea인콰이어리,해외바이어인콰이어리신청_20231231,585,기타 미용 및 개인 용품,,리비아,리비아,,,,기타 미용 및 개인 용품,기타 미용 및 개인 용품,0,,,,,,2025-04-30,,False,exclude
buyer_candidate,중소벤처기업진흥공단_GoBizKorea인콰이어리,해외바이어인콰이어리신청_20231231,590,기타 미용 및 개인 용품,,몰디브,몰디브,,,,기타 미용 및 개인 용품,기타 미용 및 개인 용품,0,,,,,,2025-04-30,,False,exclude
buyer_candidate,중소벤처기업진흥공단_GoBizKorea인콰이어리,해외바이어인콰이어리신청_20231231,658,화장품,,베네수엘라,베네수엘라,,,,화장품,화장품,0,,,,,,2025-04-30,,False,exclude
buyer_candidate,중소벤처기업진흥공단_GoBizKorea인콰이어리,해외바이어인콰이어리신청_20221231,726,향수 _ 탈취제,,프랑스령 기아나,프랑스령 기아나,,,,향수 _ 탈취제,향수 _ 탈취제,0,,,,,,2025-04-30,,False,exclude
buyer_candidate,중소벤처기업진흥공단_GoBizKorea인콰이어리,해외바이어인콰이어리신청_20221231,729,향수 _ 탈취제,,스와질란드,스와질란드,,,,향수 _ 탈취제,향수 _ 탈취제,0,,,,,,2025-04-30,,False,exclude
buyer_candidate,중소벤처기업진흥공단_GoBizKorea인콰이어리,해외바이어인콰이어리신청_20221231,733,향수 _ 탈취제,,보스니아 헤르체고비나,보스니아 헤르체고비나,,,,향수 _ 탈취제,향수 _ 탈취제,0,,,,,,2025-04-30,,False,exclude
buyer_candidate,중소벤처기업진흥공단_GoBizKorea인콰이어리,해외바이어인콰이어리신청_20221231,736,기타 미용 및 개인 용품,,적도 기니,적도 기니,,,,기타 미용 및 개인 용품,기타 미용 및 개인 용품,0,,,,,,2025-04-30,,False,exclude
buyer_candidate,중소벤처기업진흥공단_GoBizKorea인콰이어리,해외바이어인콰이어리신청_20221231,737,기타 미용 및 개인 용품,,알제리,알제리,,,,기타 미용 및 개인 용품,기타 미용 및 개인 용품,0,,,,,,2025-04-30,,False,exclude
buyer_candidate,중소벤처기업진흥공단_GoBizKorea인콰이어리,해외바이어인콰이어리신청_20221231,738,기타 미용 및 개인 용품,,가이아나,가이아나,,,,기타 미용 및 개인 용품,기타 미용 및 개인 용품,0,,,,,,2025-04-30,,False,exclude
buyer_candidate,중소벤처기업진흥공단_GoBizKorea인콰이어리,해외바이어인콰이어리신청_20221231,739,기타 미용 및 개인 용품,,사모아,사모아,,,,기타 미용 및 개인 용품,기타 미용 및 개인 용품,0,,,,,,2025-04-30,,False,exclude
buyer_candidate,중소벤처기업진흥공단_GoBizKorea인콰이어리,해외바이어인콰이어리신청_20221231,874,미용기기,,벨기에,벨기에,,,,미용기기,미용기기,0,,,,,,2025-04-30,,False,exclude
buyer_candidate,중소벤처기업진흥공단_GoBizKorea인콰이어리,해외바이어인콰이어리신청_20221231,885,화장품,,아메리칸사모아,아메리칸사모아,,,,화장품,화장품,0,,,,,,2025-04-30,,False,exclude
buyer_candidate,중소벤처기업진흥공단_GoBizKorea인콰이어리,해외바이어인콰이어리신청_20221231,897,기타 미용 및 개인 용품,,우간다,우간다,,,,기타 미용 및 개인 용품,기타 미용 및 개인 용품,0,,,,,,2025-04-30,,False,exclude
buyer_candidate,중소벤처기업진흥공단_GoBizKorea인콰이어리,해외바이어인콰이어리신청_20221231,952,기타 미용 및 개인 용품,,보츠와나,보츠와나,,,,기타 미용 및 개인 용품,기타 미용 및 개인 용품,0,,,,,,2025-04-30,,False,exclude
buyer_candidate,중소벤처기업진흥공단_GoBizKorea인콰이어리,해외바이어인콰이어리신청_20221231,963,기타 미용 및 개인 용품,,아르메니아,아르메니아,,,,기타 미용 및 개인 용품,기타 미용 및 개인 용품,0,,,,,,2025-04-30,,False,exclude
buyer_candidate,중소벤처기업진흥공단_GoBizKorea인콰이어리,해외바이어인콰이어리신청_20221231,982,기타 미용 및 개인 용품,,페로 제도,페로 제도,,,,기타 미용 및 개인 용품,기타 미용 및 개인 용품,0,,,,,,2025-04-30,,False,exclude
buyer_candidate,중소벤처기업진흥공단_GoBizKorea인콰이어리,해외바이어인콰이어리신청_20221231,1153,화장품,,우즈베키스탄,우즈베키스탄,,,,화장품,화장품,0,,,,,,2025-04-30,,False,exclude
buyer_candidate,중소벤처기업진흥공단_GoBizKorea인콰이어리,해외바이어인콰이어리신청_20221231,1224,화장품,,말라위,말라위,,,,화장품,화장품,0,,,,,,2025-04-30,,False,exclude
buyer_candidate,중소벤처기업진흥공단_GoBizKorea인콰이어리,해외바이어인콰이어리신청_20221231,1226,화장품,,수단,수단,,,,화장품,화장품,0,,,,,,2025-04-30,,False,exclude
buyer_candidate,중소벤처기업진흥공단_GoBizKorea인콰이어리,해외바이어인콰이어리신청_20221231,1229,화장품,,룩셈부르크,룩셈부르크,,,,화장품,화장품,0,,,,,,2025-04-30,,False,exclude
buyer_candidate,중소벤처기업진흥공단_GoBizKorea인콰이어리,해외바이어인콰이어리신청_20221231,1230,화장품,,브루나이,브루나이,,,,화장품,화장품,0,,,,,,2025-04-30,,False,exclude
buyer_candidate,중소벤처기업진흥공단_GoBizKorea인콰이어리,해외바이어인콰이어리신청_20221231,1231,화장품,,마케도니아 공화국,마케도니아 공화국,,,,화장품,화장품,0,,,,,,2025-04-30,,False,exclude
buyer_candidate,중소벤처기업진흥공단_GoBizKorea인콰이어리,해외바이어인콰이어리신청_20221231,1232,화장품,,수리남,수리남,,,,화장품,화장품,0,,,,,,2025-04-30,,False,exclude
buyer_candidate,중소벤처기업진흥공단_GoBizKorea인콰이어리,해외바이어인콰이어리신청_20221231,1234,화장품,,세인트루시아,세인트루시아,,,,화장품,화장품,0,,,,,,2025-04-30,,False,exclude
buyer_candidate,중소벤처기업진흥공단_GoBizKorea인콰이어리,해외바이어인콰이어리신청_20221231,1236,화장품,,피지,피지,,,,화장품,화장품,0,,,,,,2025-04-30,,False,exclude
buyer_candidate,중소벤처기업진흥공단_GoBizKorea인콰이어리,해외바이어인콰이어리신청_20221231,1238,화장품,,지부티,지부티,,,,화장품,화장품,0,,,,,,2025-04-30,,False,exclude
buyer_candidate,중소벤처기업진흥공단_GoBizKorea인콰이어리,해외바이어인콰이어리신청_20221231,1245,기타 미용 및 개인 용품,,베냉,베냉,,,,기타 미용 및 개인 용품,기타 미용 및 개인 용품,0,,,,,,2025-04-30,,False,exclude
buyer_candidate,중소벤처기업진흥공단_GoBizKorea인콰이어리,해외바이어인콰이어리신청_20221231,1417,화장품,,조선민주주의인민공화국,조선민주주의인민공화국,,,,화장품,화장품,0,,,,,,2025-04-30,,False,exclude
buyer_candidate,중소벤처기업진흥공단_GoBizKorea인콰이어리,해외바이어인콰이어리신청_20221231,1506,미용기기,,마다가스카르,마다가스카르,,,,미용기기,미용기기,0,,,,,,2025-04-30,,False,exclude
buyer_candidate,중소벤처기업진흥공단_GoBizKorea인콰이어리,해외바이어인콰이어리신청_20221231,1597,기타 미용 및 개인 용품,,부룬디,부룬디,,,,기타 미용 및 개인 용품,기타 미용 및 개인 용품,0,,,,,,2025-04-30,,False,exclude
buyer_candidate,중소벤처기업진흥공단_GoBizKorea인콰이어리,해외바이어인콰이어리신청_20211231,1680,미용기기,,그린란드,그린란드,,,,미용기기,미용기기,0,,,,,,2025-04-30,,False,exclude
buyer_candidate,중소벤처기업진흥공단_GoBizKorea인콰이어리,해외바이어인콰이어리신청_20211231,2290,향수 & 탈취제,,핀란드,핀란드,,,,향수 & 탈취제,향수 & 탈취제,0,,,,,,2025-04-30,,False,exclude
buyer_candidate,중소벤처기업진흥공단_GoBizKorea인콰이어리,해외바이어인콰이어리신청_20211231,2456,화장품,,몰타,몰타,,,,화장품,화장품,0,,,,,,2025-04-30,,False,exclude
buyer_candidate,중소벤처기업진흥공단_GoBizKorea인콰이어리,해외바이어인콰이어리신청_20211231,2457,미용기기,,조지아,조지아,,,,미용기기,미용기기,0,,,,,,2025-04-30,,False,exclude
buyer_candidate,중소벤처기업진흥공단_GoBizKorea인콰이어리,해외바이어인콰이어리신청_20211231,2562,미용기기,,도미니카 공화국,도미니카 공화국,,,,미용기기,미용기기,0,,,,,,2025-04-30,,False,exclude
buyer_candidate,중소벤처기업진흥공단_GoBizKorea인콰이어리,해외바이어인콰이어리신청_20211231,2741,미용기기,,덴마크,덴마크,,,,미용기기,미용기기,0,,,,,,2025-04-30,,False,exclude
buyer_candidate,중소벤처기업진흥공단_GoBizKorea인콰이어리,해외바이어인콰이어리신청_20211231,2912,미용기기,,아프가니스탄,아프가니스탄,,,,미용기기,미용기기,0,,,,,,2025-04-30,,False,exclude
buyer_candidate,대한무역투자진흥공사_buyKOREA인콰이어리,대한무역투자진흥공사_인콰이어리_정보_20251127,43,Neuramis Dermal Fillers,,타이베이,타이베이,,,,Neuramis Dermal Fillers | None,neuramis dermal fillers | none,0,,,,,2024-02-13,2025-04-30,,False,exclude
buyer_candidate,대한무역투자진흥공사_buyKOREA인콰이어리,대한무역투자진흥공사_인콰이어리_정보_20251127,47,LOVELYCC SWEET PEACH LIP OIL 5ML,,아르헨티나,아르헨티나,,,,LOVELYCC SWEET PEACH LIP OIL 5ML | LOVELYCC SWEET PEACH LIP OIL 5ML,lovelycc sweet peach lip oil 5ml | lovelycc sweet peach lip oil 5ml,0,,,,,2024-02-13,2025-04-30,,False,exclude
buyer_candidate,대한무역투자진흥공사_buyKOREA인콰이어리,대한무역투자진흥공사_인콰이어리_정보_20251127,55,Bellast Ultra L24 Soft Best Seller Dermal Filler hyaluronic acid Made in Korea,,중화인민공화국,중화인민공화국,,,,Bellast Ultra L24 Soft Best Seller Dermal Filler hyaluronic acid Made in Korea | None,bellast ultra l24 soft best seller dermal filler hyaluronic acid made in korea | none,0,,,,,2024-02-17,2025-04-30,,False,exclude
buyer_candidate,대한무역투자진흥공사_buyKOREA인콰이어리,대한무역투자진흥공사_인콰이어리_정보_20251127,74,Medibless Lightoxs Serum with Botox Peptide,,과테말라,과테말라,,,,Medibless Lightoxs Serum with Botox Peptide | None,medibless lightoxs serum with botox peptide | none,0,,,,,2024-03-02,2025-04-30,,False,exclude
buyer_candidate,대한무역투자진흥공사_buyKOREA인콰이어리,대한무역투자진흥공사_인콰이어리_정보_20251127,172,Innisfree My Real Squeeze Mask EX,,남아프리카 공화국,남아프리카 공화국,,,,Innisfree My Real Squeeze Mask EX | None,innisfree my real squeeze mask ex | none,0,,,,,2024-03-19,2025-04-30,,False,exclude
buyer_candidate,대한무역투자진흥공사_buyKOREA인콰이어리,대한무역투자진흥공사_인콰이어리_정보_20251127,1402,Esfolio Pure Skin Hyaluronic Acid with Peach Essence Mask Sheet,,엘살바도르,엘살바도르,,,,Esfolio Pure Skin Hyaluronic Acid with Peach Essence Mask Sheet | Esfolio Pure Skin Hyaluronic Acid with Peach Essence Mask Sheet,esfolio pure skin hyaluronic acid with peach essence mask sheet | esfolio pure skin hyaluronic acid with peach essence mask sheet,0,,,,,2024-05-31,2025-04-30,,False,exclude
buyer_candidate,대한무역투자진흥공사_buyKOREA인콰이어리,대한무역투자진흥공사_인콰이어리_정보_20251127,1436,Celimax Derma Nature Broccoli Spot Brightening Lip Eye Remover,,파나마,파나마,,,,Celimax Derma Nature Broccoli Spot Brightening Lip Eye Remover | None,celimax derma nature broccoli spot brightening lip eye remover | none,0,,,,,2024-06-20,2025-04-30,,False,exclude
buyer_candidate,대한무역투자진흥공사_buyKOREA인콰이어리,대한무역투자진흥공사_인콰이어리_정보_20251127,1490,Perfect V Lifting Premium Plus Mask (5pcs),,튀니지,튀니지,,,,Perfect V Lifting Premium Plus Mask (5pcs) | None,perfect v lifting premium plus mask (5pcs) | none,0,,,,,2024-07-12,2025-04-30,,False,exclude
buyer_candidate,대한무역투자진흥공사_buyKOREA인콰이어리,대한무역투자진흥공사_인콰이어리_정보_20251127,1773,Beautreelab Face Soothe Serum All in One,,카자흐스탄,카자흐스탄,,,,Beautreelab Face Soothe Serum All in One | Beautreelab Face Soothe Serum All In One,beautreelab face soothe serum all in one | beautreelab face soothe serum all in one,0,,,,,2025-03-19,2025-04-30,,False,exclude
buyer_candidate,대한무역투자진흥공사_buyKOREA인콰이어리,대한무역투자진흥공사_인콰이어리_정보_20251127,4450,COSRX Advanced Snail 96 Mucin Power Essence,,튀르키예(터키),튀르키예(터키),,,,COSRX Advanced Snail 96 Mucin Power Essence | None,cosrx advanced snail 96 mucin power essence | none,0,,,,,2025-05-04,2025-04-30,,False,exclude
buyer_candidate,대한무역투자진흥공사_buyKOREA인콰이어리,대한무역투자진흥공사_인콰이어리_정보_20251127,4688,Face Cream,,남극,남극,,,,Face Cream | High Pressure Exhaust Fan,face cream | high pressure exhaust fan,0,,,,,2025-06-19,2025-04-30,,False,exclude
buyer_candidate,EC21_GlobalB2B_BuyingLeads,ec21_cosmetics_skincare_makeup_beauty_20260504.csv,1,"We Buy Skin Care,Cosmetics",,Nigeria,나이지리아,NGA,,,"Skin Care,Cosmetics, Personal Care,Skin Care Set","Personal Care,Skin Care Set",0,,,,,2026-04-17,2026-05-04,,False,exclude
buyer_candidate,EC21_GlobalB2B_BuyingLeads,ec21_cosmetics_skincare_makeup_beauty_20260504.csv,2,We BuyCosmeticProducts,,India,인도,IND,,,"Cosmetic, Personal Care,Face Cream & Lotion","Personal Care,Face Cream & Lotion",0,,,,,2026-03-31,2026-05-04,,False,exclude
buyer_candidate,EC21_GlobalB2B_BuyingLeads,ec21_cosmetics_skincare_makeup_beauty_20260504.csv,3,We BuyCosmetics,,Ukraine,우크라이나,UKR,,,"Cosmetics, Personal Care,Face Cream & Lotion","Personal Care,Face Cream & Lotion",0,,,,,2026-03-26,2026-05-04,,False,exclude
buyer_candidate,EC21_GlobalB2B_BuyingLeads,ec21_cosmetics_skincare_makeup_beauty_20260504.csv,5,"We Buy Skincare,Cosmetic",,Pakistan,파키스탄,PAK,,,"Skincare,Cosmetic, Personal Care,Skin Care Set","Personal Care,Skin Care Set",0,,,,,2026-03-03,2026-05-04,,False,exclude
buyer_candidate,EC21_GlobalB2B_BuyingLeads,ec21_cosmetics_skincare_makeup_beauty_20260504.csv,6,We Buy Skin CareCosmetics,,Tanzania,탄자니아,TZA,,,"Skin Care,Cosmetics, Personal Care,Skin Care Set","Personal Care,Skin Care Set",0,,,,,2026-02-26,2026-05-04,,False,exclude
buyer_candidate,EC21_GlobalB2B_BuyingLeads,ec21_cosmetics_skincare_makeup_beauty_20260504.csv,8,We Buy MedicalCosmetics,,Uzbekistan,우즈베키스탄,UZB,,,"Medical cosmetics, Personal Care,Other Skin Care","Personal Care,Other Skin Care",0,,,,,2026-02-12,2026-05-04,,False,exclude
buyer_candidate,EC21_GlobalB2B_BuyingLeads,ec21_cosmetics_skincare_makeup_beauty_20260504.csv,10,We Buy Hair Care andCosmetics,,Algeria,알제리,DZA,,,"Hair care,Cosmetics, Chemicals,Hair Care Chemicals","Chemicals,Hair Care Chemicals",0,,,,,2026-01-16,2026-05-04,,False,exclude
buyer_candidate,EC21_GlobalB2B_BuyingLeads,ec21_cosmetics_skincare_makeup_beauty_20260504.csv,11,"We Buy Skincare,Cosmetics",,United States,미국,USA,,,"skincare,Cosmetics, Personal Care,Skin Care Set","Personal Care,Skin Care Set",0,,,,,2026-01-16,2026-05-04,,False,exclude
buyer_candidate,EC21_GlobalB2B_BuyingLeads,ec21_cosmetics_skincare_makeup_beauty_20260504.csv,12,We Buy Horse Fat forCosmetics,,Bulgaria,불가리아,BGR,,,"Horse fat, Chemicals,Cosmetic Raw Materials","Chemicals,Cosmetic Raw Materials",0,,,,,2026-01-02,2026-05-04,,False,exclude
buyer_candidate,EC21_GlobalB2B_BuyingLeads,ec21_cosmetics_skincare_makeup_beauty_20260504.csv,18,We Buy PDRN-based SkincareCosmetics,,Myanmar,미얀마,MMR,,,"PDRN Skincare,PDRN Cosmetics, Personal Care,Other Skin Care","Personal Care,Other Skin Care",0,,,,,2025-12-08,2026-05-04,,False,exclude
buyer_candidate,EC21_GlobalB2B_BuyingLeads,ec21_cosmetics_skincare_makeup_beauty_20260504.csv,20,We BuyCosmetic& Medical Contact Lenses,,Iraq,이라크,IRQ,,,"contact lenses,cosmetic lenses,medical lenses,Korea lenses, Timepieces, Jewelry, Eyewear,Contact Lenses","Timepieces, Jewelry, Eyewear,Contact Lenses",0,,,,,2025-11-11,2026-05-04,,False,exclude
buyer_candidate,EC21_GlobalB2B_BuyingLeads,ec21_cosmetics_skincare_makeup_beauty_20260504.csv,25,We Buy ColorCosmetics,,China,중국,CHN,,,"makeup, Personal Care,Makeup Set","Personal Care,Makeup Set",0,,,,,2025-10-06,2026-05-04,,False,exclude
buyer_candidate,EC21_GlobalB2B_BuyingLeads,ec21_cosmetics_skincare_makeup_beauty_20260504.csv,28,We Buy Korean Anti-Aging SkincareCosmetics,,Turkey,튀르키예,TUR,,,"Anti-Aging Skincare, Personal Care,Face Cream & Lotion","Personal Care,Face Cream & Lotion",0,,,,,2025-09-01,2026-05-04,,False,exclude
buyer_candidate,EC21_GlobalB2B_BuyingLeads,ec21_cosmetics_skincare_makeup_beauty_20260504.csv,30,We Buy ColorCosmetic,,Philippines,필리핀,PHL,,,"Color Cosmetic,makeup, Personal Care,Makeup Set","Personal Care,Makeup Set",0,,,,,2025-08-19,2026-05-04,,False,exclude
buyer_candidate,EC21_GlobalB2B_BuyingLeads,ec21_cosmetics_skincare_makeup_beauty_20260504.csv,32,"We Buy Textile,Cosmetic",,Morocco,모로코,MAR,,,"Textile,Cosmetic, Personal Care,Other Skin Care","Personal Care,Other Skin Care",0,,,,,2025-07-29,2026-05-04,,False,exclude
buyer_candidate,EC21_GlobalB2B_BuyingLeads,ec21_cosmetics_skincare_makeup_beauty_20260504.csv,33,We Buy K-cosmeticBrand,,Estonia,에스토니아,EST,,,"Korean Skincare,Korean Cosmetic, Personal Care,Face Cream & Lotion","Personal Care,Face Cream & Lotion",0,,,,,2025-07-28,2026-05-04,,False,exclude
buyer_candidate,EC21_GlobalB2B_BuyingLeads,ec21_cosmetics_skincare_makeup_beauty_20260504.csv,42,We BuyCosmeticsand Skincare Products,,Jordan,요르단,JOR,,,"Cosmetics,Skin Care,Skincare, Personal Care,Other Skin Care","Personal Care,Other Skin Care",0,,,,,2025-05-23,2026-05-04,,False,exclude
buyer_candidate,EC21_GlobalB2B_BuyingLeads,ec21_cosmetics_skincare_makeup_beauty_20260504.csv,49,"We BuyCosmetics, Makeup Products, Makeup Tools Etc",,Hong Kong,홍콩,HKG,,,"Cosmetics,makeup,electronic beauty device, Personal Care,Other Skin Care","Personal Care,Other Skin Care",0,,,,,2025-03-13,2026-05-04,,False,exclude
buyer_candidate,EC21_GlobalB2B_BuyingLeads,ec21_cosmetics_skincare_makeup_beauty_20260504.csv,54,We BuyCosmeticRaw Material,,United Arab Emirates,United Arab Emirates,,,,"Cosmetic Raw Material, Chemicals,Cosmetic Raw Materials","Chemicals,Cosmetic Raw Materials",0,,,,,2024-11-29,2026-05-04,,False,exclude
buyer_candidate,EC21_GlobalB2B_BuyingLeads,ec21_cosmetics_skincare_makeup_beauty_20260504.csv,58,We BuyCosmeticand Hygiene Products,,Italy,이탈리아,ITA,,,"Cosmetic,Skin Care,Hygiene, Personal Care,Face Cream & Lotion","Personal Care,Face Cream & Lotion",0,,,,,2024-08-19,2026-05-04,,False,exclude
buyer_candidate,EC21_GlobalB2B_BuyingLeads,ec21_cosmetics_skincare_makeup_beauty_20260504.csv,62,"We Buy Skin Care,Cosmetics",,Poland,폴란드,POL,,,"Skin Care,Cosmetics, Personal Care,Skin Care Set","Personal Care,Skin Care Set",0,,,,,2024-03-28,2026-05-04,,False,exclude
buyer_candidate,EC21_GlobalB2B_BuyingLeads,ec21_cosmetics_skincare_makeup_beauty_20260504.csv,64,Buy PopularCosmeticProduct,,Taiwan,대만,TWN,,,"Cosmetic,Body Care,Makeup,Skin Care, Personal Care,Makeup Remover","Personal Care,Makeup Remover",0,,,,,2014-03-12,2026-05-04,,False,exclude
buyer_candidate,EC21_GlobalB2B_BuyingLeads,ec21_cosmetics_skincare_makeup_beauty_20260504.csv,65,"Buy Consume goods,Cosmetics, Car",,Germany,독일,DEU,,,"Consume goods,Cosmetics,car,Home appliance, Automobiles & Motorcycles,Car Care Products","Automobiles & Motorcycles,Car Care Products",0,,,,,2020-03-08,2026-05-04,,False,exclude
buyer_candidate,EC21_GlobalB2B_BuyingLeads,ec21_cosmetics_skincare_makeup_beauty_20260504.csv,71,We Buy KoreanCosmeticsFrom Vietnam by the Contract,,Korea,한국,KOR,,,"cosmetic set,skincare,makeups, Personal Care,Other Skin Care","Personal Care,Other Skin Care",0,,,,,2020-05-03,2026-05-04,,False,exclude
buyer_candidate,EC21_GlobalB2B_BuyingLeads,ec21_cosmetics_skincare_makeup_beauty_20260504.csv,80,Buy CoreanCosmetics,,Russia,러시아,RUS,,,"korean kosmetics,japan cosmetics,thai cosmetics,organic cosmetics, Personal Care,Face Cream & Lotion","Personal Care,Face Cream & Lotion",0,,,,,2015-03-19,2026-05-04,,False,exclude
buyer_candidate,EC21_GlobalB2B_BuyingLeads,ec21_cosmetics_skincare_makeup_beauty_20260504.csv,83,Buy Wholesale TonyMoly BB Cream KoreanCosmetic,,Iran,이란,IRN,,,"Personal Care,Face Cream & Lotion","Personal Care,Face Cream & Lotion",0,,,,,2014-09-01,2026-05-04,,False,exclude
buyer_candidate,EC21_GlobalB2B_BuyingLeads,ec21_cosmetics_skincare_makeup_beauty_20260504.csv,93,BuyCosmetics,,Cameroon,카메룬,CMR,,,"Perfume,Body Cream,Hand Sanitizer,Body Soap, Personal Care,Other Skin Care","Personal Care,Other Skin Care",0,,,,,2014-02-23,2026-05-04,,False,exclude
buyer_candidate,EC21_GlobalB2B_BuyingLeads,ec21_cosmetics_skincare_makeup_beauty_20260504.csv,95,"We Buy To Soap,Detergent,Cosmetics,Perfume Etc",,Benin,베냉,BEN,,,"cosmetics, Personal Care,Other Skin Care","Personal Care,Other Skin Care",0,,,,,2019-04-03,2026-05-04,,False,exclude
buyer_candidate,EC21_GlobalB2B_BuyingLeads,ec21_cosmetics_skincare_makeup_beauty_20260504.csv,101,Buy KoreanCosmeticsand Skin Care,,New Zealand,뉴질랜드,NZL,,,"Personal Care,Other Skin Care","Personal Care,Other Skin Care",0,,,,,2014-02-03,2026-05-04,,False,exclude
buyer_candidate,EC21_GlobalB2B_BuyingLeads,ec21_cosmetics_skincare_makeup_beauty_20260504.csv,105,Buy Looking ForCosmeticProducts To Sell In Canada,,Canada,캐나다,CAN,,,"Personal Care,Nail Polish","Personal Care,Nail Polish",0,,,,,2014-03-28,2026-05-04,,False,exclude
buyer_candidate,EC21_GlobalB2B_BuyingLeads,ec21_cosmetics_skincare_makeup_beauty_20260504.csv,106,BuyCosmeticLens,,Spain,스페인,ESP,,,"Measurement & Analysis Instruments,Lenses","Measurement & Analysis Instruments,Lenses",0,,,,,2014-01-10,2026-05-04,,False,exclude
buyer_candidate,EC21_GlobalB2B_BuyingLeads,ec21_cosmetics_skincare_makeup_beauty_20260504.csv,108,Buy Korea BrandCosmetics,,Malaysia,말레이시아,MYS,,,"Personal Care,Face Cream & Lotion","Personal Care,Face Cream & Lotion",0,,,,,2014-01-07,2026-05-04,,False,exclude
buyer_candidate,EC21_GlobalB2B_BuyingLeads,ec21_cosmetics_skincare_makeup_beauty_20260504.csv,115,BuyCosmetics/ Laneige,,Indonesia,인도네시아,IDN,,,"Cosmetics,Korea,Laneige,Make up, Personal Care,Face Cream & Lotion","Personal Care,Face Cream & Lotion",0,,,,,2014-03-14,2026-05-04,,False,exclude
buyer_candidate,EC21_GlobalB2B_BuyingLeads,ec21_cosmetics_skincare_makeup_beauty_20260504.csv,116,Buy  Eyeshadow Palette andCosmeticMakeup Eye Shadow 5 Colors Palette,,Sweden,스웨덴,SWE,,,"Personal Care,Eye Shadow","Personal Care,Eye Shadow",0,,,,,2014-01-05,2026-05-04,,False,exclude
buyer_candidate,EC21_GlobalB2B_BuyingLeads,ec21_cosmetics_skincare_makeup_beauty_20260504.csv,124,"Buy Foundation Vibrator(Tool), Makeup, Foundation,Cosmetics",,Puerto Rico,푸에르토리코,PRI,,,"Personal Care,Other Makeup","Personal Care,Other Makeup",0,,,,,2015-02-07,2026-05-04,,False,exclude
buyer_candidate,EC21_GlobalB2B_BuyingLeads,ec21_cosmetics_skincare_makeup_beauty_20260504.csv,125,"Buy High Quality Rubber,Cosmetic,Candle Grade Stearic Acid",,Uganda,우간다,UGA,,,"Chemicals,Organic Acid","Chemicals,Organic Acid",0,,,,,2014-01-15,2026-05-04,,False,exclude
buyer_candidate,EC21_GlobalB2B_BuyingLeads,ec21_cosmetics_skincare_makeup_beauty_20260504.csv,130,Buy Wholesale Makeup/ Eye Shadow/CosmeticMakeup,,Colombia,콜롬비아,COL,,,"Personal Care,Eye Shadow","Personal Care,Eye Shadow",0,,,,,2014-05-19,2026-05-04,,False,exclude
buyer_candidate,EC21_GlobalB2B_BuyingLeads,ec21_cosmetics_skincare_makeup_beauty_20260504.csv,132,Buy High Quality HyaluronicCosmeticSets,,Zimbabwe,짐바브웨,ZWE,,,"Personal Care,Face Cream & Lotion","Personal Care,Face Cream & Lotion",0,,,,,2014-09-07,2026-05-04,,False,exclude
buyer_candidate,EC21_GlobalB2B_BuyingLeads,ec21_cosmetics_skincare_makeup_beauty_20260504.csv,136,Buy KoreanCosmetics,,Australia,호주,AUS,,,"Personal Care,Face Cream & Lotion","Personal Care,Face Cream & Lotion",0,,,,,2014-12-27,2026-05-04,,False,exclude
buyer_candidate,EC21_GlobalB2B_BuyingLeads,ec21_cosmetics_skincare_makeup_beauty_20260504.csv,137,Buy KoreanCosmetic,,Singapore,싱가포르,SGP,,,"Personal Care,Other Makeup","Personal Care,Other Makeup",0,,,,,2015-01-27,2026-05-04,,False,exclude
buyer_candidate,EC21_GlobalB2B_BuyingLeads,ec21_cosmetics_skincare_makeup_beauty_20260504.csv,139,"Buy Diors Perfumes , DiorsCosmeticsfor Sale",,France,프랑스,FRA,,,"Personal Care,Other Skin Care","Personal Care,Other Skin Care",0,,,,,2015-01-27,2026-05-04,,False,exclude
buyer_candidate,EC21_GlobalB2B_BuyingLeads,ec21_cosmetics_skincare_makeup_beauty_20260504.csv,146,"Buy FilorgaCosmetics, Perfumes and Beauty Products",,Bangladesh,방글라데시,BGD,,,"Personal Care,Other Beauty Supplies","Personal Care,Other Beauty Supplies",0,,,,,2015-05-27,2026-05-04,,False,exclude
buyer_candidate,EC21_GlobalB2B_BuyingLeads,ec21_cosmetics_skincare_makeup_beauty_20260504.csv,154,We BuyCosmetics,,Togo,토고,TGO,,,"cosmetics,skincare,body lotion,Makeup, Packaging & Paper,Other Cosmetics Packaging","Packaging & Paper,Other Cosmetics Packaging",0,,,,,2017-09-26,2026-05-04,,False,exclude
buyer_candidate,EC21_GlobalB2B_BuyingLeads,ec21_cosmetics_skincare_makeup_beauty_20260504.csv,156,Buy Ultrasonic SurgicalCosmeticand Lipolysis Equipment,,Thailand,태국,THA,,,"Health & Medical,Other Medical Equipment","Health & Medical,Other Medical Equipment",0,,,,,2014-10-02,2026-05-04,,False,exclude
buyer_candidate,EC21_GlobalB2B_BuyingLeads,ec21_cosmetics_skincare_makeup_beauty_20260504.csv,161,Buy WHOLESALE HIGH ENDCOSMETICSAUTHENTIC!,,United Kingdom,영국,GBR,,,"Personal Care,Other Makeup","Personal Care,Other Makeup",0,,,,,2014-05-12,2026-05-04,,False,exclude
buyer_candidate,EC21_GlobalB2B_BuyingLeads,ec21_cosmetics_skincare_makeup_beauty_20260504.csv,175,Buy Overwrapping Machine for Big Perfume/CosmeticsBoxes.,,Saudi Arabia,사우디아라비아,SAU,,,"Manufacturing & Processing Machinery,Packaging Machinery","Manufacturing & Processing Machinery,Packaging Machinery",0,,,,,2015-06-19,2026-05-04,,False,exclude
buyer_candidate,EC21_GlobalB2B_BuyingLeads,ec21_cosmetics_skincare_makeup_beauty_20260504.csv,184,Buy perfumes andcosmetics,,Lithuania,리투아니아,LTU,,,"mass market perfume,haircare,makeup,skincare, Personal Care,Perfume","Personal Care,Perfume",0,,,,,2014-07-31,2026-05-04,,False,exclude
buyer_candidate,EC21_GlobalB2B_BuyingLeads,ec21_cosmetics_skincare_makeup_beauty_20260504.csv,191,Buy Coex Lami Tube (CosmeticTube),,Kuwait,쿠웨이트,KWT,,,"Rubber & Plastics,Plastic Tubes","Rubber & Plastics,Plastic Tubes",0,,,,,2016-04-17,2026-05-04,,False,exclude
buyer_candidate,EC21_GlobalB2B_BuyingLeads,ec21_cosmetics_skincare_makeup_beauty_20260504.csv,198,BuyCosmeticsODM,,Egypt,이집트,EGY,,,"Personal Care,Other Beauty Equipment","Personal Care,Other Beauty Equipment",0,,,,,2015-10-10,2026-05-04,,False,exclude
buyer_candidate,EC21_GlobalB2B_BuyingLeads,ec21_cosmetics_skincare_makeup_beauty_20260504.csv,200,Buy Perfumes andCosmetics,,Vietnam,베트남,VNM,,,"Personal Care,Perfume","Personal Care,Perfume",0,,,,,2016-02-21,2026-05-04,,False,exclude
buyer_candidate,EC21_GlobalB2B_BuyingLeads,ec21_cosmetics_skincare_makeup_beauty_20260504.csv,208,BuyCosmetics,,Macao,Macao,,,,"cosmetics,lipstick,beauty,makeup, Personal Care,Lipstick","Personal Care,Lipstick",0,,,,,2016-09-03,2026-05-04,,False,exclude
buyer_candidate,EC21_GlobalB2B_BuyingLeads,ec21_cosmetics_skincare_makeup_beauty_20260504.csv,240,We Buy KoreanCosmetics,,Chile,칠레,CHL,,,"Korean Cosmetics, Personal Care,Face Cream & Lotion","Personal Care,Face Cream & Lotion",0,,,,,2017-10-06,2026-05-04,,False,exclude
buyer_candidate,EC21_GlobalB2B_BuyingLeads,ec21_cosmetics_skincare_makeup_beauty_20260504.csv,278,Buy Skin Care andCosmetics,,Romania,루마니아,ROU,,,"skin care,cosmetics,cream,beauty, Personal Care,Other Skin Care","Personal Care,Other Skin Care",0,,,,,2020-02-21,2026-05-04,,False,exclude
buyer_candidate,EC21_GlobalB2B_BuyingLeads,ec21_cosmetics_skincare_makeup_beauty_20260504.csv,288,"We Buy Pampers, Perfumes ,Cosmetics",,Switzerland,스위스,CHE,,,"Pampers,Perfumes,Cosmetics,Hygienic articles, Personal Care,Perfume","Personal Care,Perfume",0,,,,,2019-04-10,2026-05-04,,False,exclude
buyer_candidate,EC21_GlobalB2B_BuyingLeads,ec21_cosmetics_skincare_makeup_beauty_20260504.csv,298,We Buy Collagen forCosmetics,,Belarus,벨라루스,BLR,,,"Collagen, Chemicals,Cosmetic Raw Materials","Chemicals,Cosmetic Raw Materials",0,,,,,2023-05-23,2026-05-04,,False,exclude
buyer_candidate,EC21_GlobalB2B_BuyingLeads,ec21_cosmetics_skincare_makeup_beauty_20260504.csv,318,We Buy Acrylic Yarn,,Mozambique,모잠비크,MOZ,,,"Acrylic Yarn, Textiles & Leather Products,Acrylic Yarn","Textiles & Leather Products,Acrylic Yarn",0,,,,,2026-03-23,2026-05-04,,False,exclude
buyer_candidate,EC21_GlobalB2B_BuyingLeads,ec21_cosmetics_skincare_makeup_beauty_20260504.csv,324,We Buy Korean Skincare Products,,Albania,알바니아,ALB,,,"skincare, Personal Care,Skin Care Set","Personal Care,Skin Care Set",0,,,,,2026-01-09,2026-05-04,,False,exclude
buyer_candidate,EC21_GlobalB2B_BuyingLeads,ec21_cosmetics_skincare_makeup_beauty_20260504.csv,336,We Buy Consumer Goods,,Namibia,나미비아,NAM,,,"consumer goods, Fashion Accessories,Fashion Accessories Stock","Fashion Accessories,Fashion Accessories Stock",0,,,,,2025-10-03,2026-05-04,,False,exclude
buyer_candidate,EC21_GlobalB2B_BuyingLeads,ec21_cosmetics_skincare_makeup_beauty_20260504.csv,340,We Buy Korean Skincare Brands,,Netherlands,네덜란드,NLD,,,"Korean Skincare,Korean Cosmetic, Personal Care,Face Cream & Lotion","Personal Care,Face Cream & Lotion",0,,,,,2025-08-19,2026-05-04,,False,exclude
buyer_candidate,EC21_GlobalB2B_BuyingLeads,ec21_cosmetics_skincare_makeup_beauty_20260504.csv,341,We Buy Skincare Set,,Dominican Republic,Dominican Republic,,,,"Skincare,Cosmetic, Personal Care,Skin Care Set","Personal Care,Skin Care Set",0,,,,,2025-08-19,2026-05-04,,False,exclude
buyer_candidate,EC21_GlobalB2B_BuyingLeads,ec21_cosmetics_skincare_makeup_beauty_20260504.csv,353,We Buy Make-up Vending Machine,,Ecuador,에콰도르,ECU,,,"Make-up vending Machine, Service Equipment,Vending Machines","Service Equipment,Vending Machines",0,,,,,2025-05-23,2026-05-04,,False,exclude
buyer_candidate,EC21_GlobalB2B_BuyingLeads,ec21_cosmetics_skincare_makeup_beauty_20260504.csv,354,We Buy Invisible Lift Bra,,Portugal,포르투갈,PRT,,,"Invisible Lift Bra, Apparel,Other Underwear","Apparel,Other Underwear",0,,,,,2025-05-21,2026-05-04,,False,exclude
buyer_candidate,EC21_GlobalB2B_BuyingLeads,ec21_cosmetics_skincare_makeup_beauty_20260504.csv,364,We Buy Polyester Nonwoven Materials,,Serbia,세르비아,SRB,,,"Polyester nonwoven, Textiles & Leather Products,Nonwoven Fabric","Textiles & Leather Products,Nonwoven Fabric",0,,,,,2025-03-24,2026-05-04,,False,exclude
buyer_candidate,EC21_GlobalB2B_BuyingLeads,ec21_cosmetics_skincare_makeup_beauty_20260504.csv,376,We Buy Pigments for Dermapen or Bb Glow,,Mexico,멕시코,MEX,,,"Pigments,bb glow, Chemicals,Pigment","Chemicals,Pigment",0,,,,,2024-04-21,2026-05-04,,False,exclude
buyer_candidate,EC21_GlobalB2B_BuyingLeads,ec21_cosmetics_skincare_makeup_beauty_20260504.csv,377,We Buy Gluta Vitaminc (Serum),,Laos,라오스,LAO,,,"Gluta vitaminC,sun cream,sun screen, Personal Care,Sunscreen","Personal Care,Sunscreen",0,,,,,2024-03-28,2026-05-04,,False,exclude
buyer_candidate,EC21_GlobalB2B_BuyingLeads,ec21_cosmetics_skincare_makeup_beauty_20260504.csv,382,We Buy Virgin Granulates HDPE (Not Recycled),,Brazil,브라질,BRA,,,"Virgin HDPE,HDPE granulates,HDPE,HDPE natural color, Rubber & Plastics,HDPE","Rubber & Plastics,HDPE",0,,,,,2021-02-12,2026-05-04,,False,exclude
buyer_candidate,EC21_GlobalB2B_BuyingLeads,ec21_cosmetics_skincare_makeup_beauty_20260504.csv,392,Buy Coated Paper,,Honduras,온두라스,HND,,,"Packaging & Paper,Coated Paper","Packaging & Paper,Coated Paper",0,,,,,2017-01-25,2026-05-04,,False,exclude
buyer_candidate,EC21_GlobalB2B_BuyingLeads,ec21_cosmetics_skincare_makeup_beauty_20260504.csv,396,We Buy Energy Drinks and Food Products,,Guyana,가이아나,GUY,,,"energy drinks,chocolate products,agricultural products,cosmetics, Food & Beverage,Energy Drinks","Food & Beverage,Energy Drinks",0,,,,,2019-08-09,2026-05-04,,False,exclude
buyer_candidate,EC21_GlobalB2B_BuyingLeads,ec21_cosmetics_skincare_makeup_beauty_20260504.csv,420,Buy Oxygen Supply System,,Georgia,조지아,GEO,,,"Health & Medical,Oxygen Concentrator","Health & Medical,Oxygen Concentrator",0,,,,,2016-02-16,2026-05-04,,False,exclude
buyer_candidate,EC21_GlobalB2B_BuyingLeads,ec21_cosmetics_skincare_makeup_beauty_20260504.csv,436,Buy MOROCCANOIL Hair Treatment 100ML / 3.4OZ - Original,,Japan,일본,JPN,,,"Personal Care,Hair Conditioner","Personal Care,Hair Conditioner",0,,,,,2014-04-22,2026-05-04,,False,exclude
buyer_candidate,EC21_GlobalB2B_BuyingLeads,ec21_cosmetics_skincare_makeup_beauty_20260504.csv,441,Buy Toner for normal skin,,Sri Lanka,스리랑카,LKA,,,"Personal Care,Other Makeup","Personal Care,Other Makeup",0,,,,,2014-08-10,2026-05-04,,False,exclude
buyer_candidate,EC21_GlobalB2B_BuyingLeads,ec21_cosmetics_skincare_makeup_beauty_20260504.csv,469,"Buy White Mineral  Oil, Light Liquid Paraffin",,Malawi,말라위,MWI,,,"Energy,Paraffin","Energy,Paraffin",0,,,,,2016-03-05,2026-05-04,,False,exclude
buyer_candidate,EC21_GlobalB2B_BuyingLeads,ec21_cosmetics_skincare_makeup_beauty_20260504.csv,471,Buy Faux Mink Eyelash Extension,,Norway,노르웨이,NOR,,,"Personal Care,False Eyelash","Personal Care,False Eyelash",0,,,,,2015-05-04,2026-05-04,,False,exclude
buyer_candidate,EC21_GlobalB2B_BuyingLeads,ec21_cosmetics_skincare_makeup_beauty_20260504.csv,477,Buy Airless Pump Bottle,,Lebanon,레바논,LBN,,,"Personal Care,Perfume","Personal Care,Perfume",0,,,,,2014-12-20,2026-05-04,,False,exclude
buyer_candidate,EC21_GlobalB2B_BuyingLeads,ec21_cosmetics_skincare_makeup_beauty_20260504.csv,503,"Buy Ink jet Printer/ Inkjet Coding Machine, bar coder",,Costa Rica,코스타리카,CRI,,,"Manufacturing & Processing Machinery,Printing Machinery","Manufacturing & Processing Machinery,Printing Machinery",0,,,,,2014-12-25,2026-05-04,,False,exclude
buyer_candidate,EC21_GlobalB2B_BuyingLeads,ec21_cosmetics_skincare_makeup_beauty_20260504.csv,505,Buy Hazelnuts,,Slovenia,슬로베니아,SVN,,,"Agriculture,Hazelnuts","Agriculture,Hazelnuts",0,,,,,2014-07-07,2026-05-04,,False,exclude
buyer_candidate,EC21_GlobalB2B_BuyingLeads,ec21_cosmetics_skincare_makeup_beauty_20260504.csv,538,Buy White Petroleum Jelly,,"Congo, Democratic Rep.","Congo, Democratic Rep.",,,,"Energy,Vaseline","Energy,Vaseline",0,,,,,2016-07-16,2026-05-04,,False,exclude
buyer_candidate,EC21_GlobalB2B_BuyingLeads,ec21_cosmetics_skincare_makeup_beauty_20260504.csv,539,Buy White Vaseline / Petroleum Jelly,,Madagascar,마다가스카르,MDG,,,"Energy,Vaseline","Energy,Vaseline",0,,,,,2016-05-12,2026-05-04,,False,exclude
buyer_candidate,EC21_GlobalB2B_BuyingLeads,ec21_cosmetics_skincare_makeup_beauty_20260504.csv,548,Buy Chromogenex Chromolite S,,Tunisia,튀니지,TUN,,,"Personal Care,IPL Beauty Equipment","Personal Care,IPL Beauty Equipment",0,,,,,2016-05-14,2026-05-04,,False,exclude
buyer_candidate,EC21_GlobalB2B_BuyingLeads,ec21_cosmetics_skincare_makeup_beauty_20260504.csv,551,Buy LED Magnifier Desk Lamp EF-200,,Israel,이스라엘,ISR,,,"Lights & Lighting,Table Lamps & Reading Lamps","Lights & Lighting,Table Lamps & Reading Lamps",0,,,,,2016-03-20,2026-05-04,,False,exclude
buyer_candidate,EC21_GlobalB2B_BuyingLeads,ec21_cosmetics_skincare_makeup_beauty_20260504.csv,557,Buy Sunflower Oil,,Nepal,네팔,NPL,,,"Agriculture,Sunflower Oil","Agriculture,Sunflower Oil",0,,,,,2015-10-27,2026-05-04,,False,exclude
buyer_candidate,EC21_GlobalB2B_BuyingLeads,ec21_cosmetics_skincare_makeup_beauty_20260504.csv,573,Buy Organic Snail Slime Extract,,Iceland,아이슬란드,ISL,,,"Chemicals,Cosmetic Raw Materials","Chemicals,Cosmetic Raw Materials",0,,,,,2015-06-19,2026-05-04,,False,exclude
buyer_candidate,EC21_GlobalB2B_BuyingLeads,ec21_cosmetics_skincare_makeup_beauty_20260504.csv,604,We Buy Multipurpose Sanitizer -KLENZ-,,Greece,그리스,GRC,,,"Home Appliances,Air Purifier","Home Appliances,Air Purifier",0,,,,,2018-03-02,2026-05-04,,False,exclude
buyer_candidate,EC21_GlobalB2B_BuyingLeads,ec21_cosmetics_skincare_makeup_beauty_20260504.csv,616,Buy Micro Crystalline Paraffin Wax White,,Kenya,케냐,KEN,,,"Energy,Paraffin","Energy,Paraffin",0,,,,,2017-01-30,2026-05-04,,False,exclude
buyer_candidate,EC21_GlobalB2B_BuyingLeads,ec21_cosmetics_skincare_makeup_beauty_20260504.csv,657,We Buy Nosestrips Cleanser/ Jambo Roll Face Tissues,,Qatar,카타르,QAT,,,"Nosestrips Cleanser,Face Tissues, Personal Care,Other Skin Care","Personal Care,Other Skin Care",0,,,,,2019-06-08,2026-05-04,,False,exclude
buyer_candidate,EC21_GlobalB2B_BuyingLeads,ec21_cosmetics_skincare_makeup_beauty_20260504.csv,719,Buy Sclerodex Injection forSkinCare(In Stock),,Venezuela,베네수엘라,VEN,,,"Health & Medical,Other Health Care Products","Health & Medical,Other Health Care Products",0,,,,,2016-01-05,2026-05-04,,False,exclude
buyer_candidate,EC21_GlobalB2B_BuyingLeads,ec21_cosmetics_skincare_makeup_beauty_20260504.csv,726,We BuySkincare,,Afghanistan,아프가니스탄,AFG,,,"Personal Care,Other Skin Care","Personal Care,Other Skin Care",0,,,,,2018-04-14,2026-05-04,,False,exclude
buyer_candidate,EC21_GlobalB2B_BuyingLeads,ec21_cosmetics_skincare_makeup_beauty_20260504.csv,745,We Buy Beauty Products -SkincareSerum,,Angola,앙골라,AGO,,,"Beauty Products,Skin care,Serum, Personal Care,Skin Care Serum","Personal Care,Skin Care Serum",0,,,,,2025-07-16,2026-05-04,,False,exclude
buyer_candidate,EC21_GlobalB2B_BuyingLeads,ec21_cosmetics_skincare_makeup_beauty_20260504.csv,816,We Buy 3W Clinic Premium Placenta 7 Items Set,,Bahrain,바레인,BHR,,,"Personal Care,Skin Care Set","Personal Care,Skin Care Set",0,,,,,2017-09-20,2026-05-04,,False,exclude
buyer_candidate,EC21_GlobalB2B_BuyingLeads,ec21_cosmetics_skincare_makeup_beauty_20260504.csv,877,We Buy LA MER/VALMONT Products,,Belgium,벨기에,BEL,,,"LA MER,VALMONT,Estée Lauder,most products, Personal Care,Other Skin Care","Personal Care,Other Skin Care",0,,,,,2019-07-03,2026-05-04,,False,exclude
buyer_candidate,EC21_GlobalB2B_BuyingLeads,ec21_cosmetics_skincare_makeup_beauty_20260504.csv,903,Buy 2013BeautifulKaftan for Women YX042,,Palestine,팔레스타인,PSE,,,"Apparel,Apparel Stock","Apparel,Apparel Stock",0,,,,,2014-10-06,2026-05-04,,False,exclude
buyer_candidate,EC21_GlobalB2B_BuyingLeads,ec21_cosmetics_skincare_makeup_beauty_20260504.csv,914,Buy Face FreshBeautyCream,,Mauritius,모리셔스,MUS,,,"Personal Care,Face Cream & Lotion","Personal Care,Face Cream & Lotion",0,,,,,2014-08-21,2026-05-04,,False,exclude
buyer_candidate,EC21_GlobalB2B_BuyingLeads,ec21_cosmetics_skincare_makeup_beauty_20260504.csv,940,Buy Barbering andbeautyproducts,,Ireland,아일랜드,IRL,,,"Gels,shaving creme,barbering products, Personal Care,Pressed Powder","Personal Care,Pressed Powder",0,,,,,2017-02-18,2026-05-04,,False,exclude
buyer_candidate,EC21_GlobalB2B_BuyingLeads,ec21_cosmetics_skincare_makeup_beauty_20260504.csv,951,We Buy Medical Devices (Dermatology / Aesthetic Equipment),,Paraguay,파라과이,PRY,,,"Medical Devices,Beauty Device,Aesthetic Equipment, Personal Care,Other Beauty Equipment","Personal Care,Other Beauty Equipment",0,,,,,2026-02-27,2026-05-04,,False,exclude
buyer_candidate,EC21_GlobalB2B_BuyingLeads,ec21_cosmetics_skincare_makeup_beauty_20260504.csv,958,We Buy Inquiry About Distribution of Aesthetic Medicine Products in Peru,,Peru,페루,PER,,,"hyaluronic acid filler,biostimulators,exosomes, Personal Care,Other Skin Care","Personal Care,Other Skin Care",0,,,,,2025-05-14,2026-05-04,,False,exclude
buyer_candidate,EC21_GlobalB2B_BuyingLeads,ec21_cosmetics_skincare_makeup_beauty_20260504.csv,973,Buy Brownea Grandiceps Seed,,Falkland Islands,포클랜드 제도,FLK,,,"Brownea Grandiceps,Rose of Venezuela, Agriculture,Flower Bulbs, Seeds & Seedlings","Agriculture,Flower Bulbs, Seeds & Seedlings",0,,,,,2014-10-20,2026-05-04,,False,exclude
buyer_candidate,EC21_GlobalB2B_BuyingLeads,ec21_cosmetics_skincare_makeup_beauty_20260504.csv,1007,Buy Careprost,,Kazakhstan,카자흐스탄,KAZ,,,"Careprost,Lurey lash,Dreamlash, Business Services,Beauty Products Agents","Business Services,Beauty Products Agents",0,,,,,2014-10-25,2026-05-04,,False,exclude
buyer_candidate,EC21_GlobalB2B_BuyingLeads,ec21_cosmetics_skincare_makeup_beauty_20260504.csv,1032,Buy CARA Polydioxanone (PDO) Suture Threads - Multi,,Latvia,라트비아,LVA,,,"Personal Care,Other Beauty Equipment","Personal Care,Other Beauty Equipment",0,,,,,2015-05-20,2026-05-04,,False,exclude
buyer_candidate,EC21_GlobalB2B_BuyingLeads,ec21_cosmetics_skincare_makeup_beauty_20260504.csv,1043,Buy Skin & Hair Diagnosis System,,Hungary,헝가리,HUN,,,"Health & Medical,Other Health Care Products","Health & Medical,Other Health Care Products",0,,,,,2016-07-14,2026-05-04,,False,exclude
buyer_candidate,EC21_GlobalB2B_BuyingLeads,ec21_cosmetics_skincare_makeup_beauty_20260504.csv,1065,We Buy Displey for Dermabrasion,,Armenia,아르메니아,ARM,,,"Dermabrasion, Personal Care,Microdermabrasion Machine","Personal Care,Microdermabrasion Machine",0,,,,,2018-12-25,2026-05-04,,False,exclude
buyer_candidate,EC21_GlobalB2B_BuyingLeads,ec21_cosmetics_skincare_makeup_beauty_20260504.csv,1077,We Buy Tricell PRP KIT 30cc,,Syria,시리아,SYR,,,"Whatsapp 00963932346946, Health & Medical,Orthopedic Supplies","Health & Medical,Orthopedic Supplies",0,,,,,2018-12-31,2026-05-04,,False,exclude
buyer_candidate,EC21_GlobalB2B_BuyingLeads,ec21_cosmetics_skincare_makeup_beauty_20260504.csv,1098,We Buy  Refined Sunflower Oil,,Gabon,가봉,GAB,,,"Snflower,Mais,Sugar,Oil, Agriculture,Other Agriculture Products","Agriculture,Other Agriculture Products",0,,,,,2022-06-19,2026-05-04,,False,exclude
buyer_candidate,EC21_GlobalB2B_BuyingLeads,ec21_cosmetics_skincare_makeup_beauty_20260504.csv,1102,We Buy Mulberry Silk Scarf,,Ghana,가나,GHA,,,"Mullbery silk,Silk hundred percent,Quality, Fashion Accessories,Other Scarves & Shawls","Fashion Accessories,Other Scarves & Shawls",0,,,,,2023-10-25,2026-05-04,,False,exclude
